SET FOREIGN_KEY_CHECKS=0;
SET SQL_MODE="NO_AUTO_VALUE_ON_ZERO";
SET time_zone = "+00:00";

/*!40101 SET @OLD_CHARACTER_SET_CLIENT=@@CHARACTER_SET_CLIENT */;
/*!40101 SET @OLD_CHARACTER_SET_RESULTS=@@CHARACTER_SET_RESULTS */;
/*!40101 SET @OLD_COLLATION_CONNECTION=@@COLLATION_CONNECTION */;
/*!40101 SET NAMES utf8 */;


INSERT INTO `ad_blocks` (`aliquot_master_id`, `block_type`, `patho_dpt_block_code`) VALUES
(1, 'frozen', ''),
(2, 'frozen', ''),
(3, 'frozen', ''),
(4, 'frozen', ''),
(5, 'frozen', ''),
(6, 'frozen', ''),
(7, 'frozen', ''),
(8, 'frozen', ''),
(9, 'frozen', ''),
(10, 'frozen', ''),
(11, 'frozen', ''),
(12, 'frozen', ''),
(13, 'frozen', ''),
(14, 'frozen', ''),
(40, 'frozen', ''),
(41, 'frozen', '');

INSERT INTO `ad_blocks_revs` (`aliquot_master_id`, `block_type`, `patho_dpt_block_code`, `version_id`, `version_created`) VALUES
(1, 'frozen', '', 1, '2012-07-31 19:34:31'),
(2, 'frozen', '', 2, '2012-07-31 19:34:32'),
(3, 'frozen', '', 3, '2012-07-31 19:34:32'),
(4, 'frozen', '', 4, '2012-07-31 19:34:33'),
(5, 'frozen', '', 5, '2012-07-31 19:34:34'),
(6, 'frozen', '', 6, '2012-07-31 19:34:34'),
(7, 'frozen', '', 7, '2012-07-31 19:34:35'),
(8, 'frozen', '', 8, '2012-07-31 19:34:35'),
(9, 'frozen', '', 9, '2012-07-31 19:34:36'),
(10, 'frozen', '', 10, '2012-07-31 19:34:36'),
(11, 'frozen', '', 11, '2012-07-31 19:34:37'),
(12, 'frozen', '', 12, '2012-07-31 19:42:15'),
(13, 'frozen', '', 13, '2012-07-31 19:42:16'),
(14, 'frozen', '', 14, '2012-07-31 19:42:16'),
(40, 'frozen', '', 15, '2012-07-31 20:46:47'),
(41, 'frozen', '', 16, '2012-07-31 20:46:48'),
(41, 'frozen', '', 17, '2012-08-01 13:08:33'),
(1, 'frozen', '', 18, '2012-08-01 13:32:09'),
(10, 'frozen', '', 19, '2012-08-01 13:32:11'),
(11, 'frozen', '', 20, '2012-08-01 13:32:13'),
(12, 'frozen', '', 21, '2012-08-01 13:32:16'),
(13, 'frozen', '', 22, '2012-08-01 13:32:19'),
(14, 'frozen', '', 23, '2012-08-01 13:32:21'),
(2, 'frozen', '', 24, '2012-08-01 13:32:23'),
(3, 'frozen', '', 25, '2012-08-01 13:32:25'),
(4, 'frozen', '', 26, '2012-08-01 13:32:27'),
(40, 'frozen', '', 27, '2012-08-01 13:32:30'),
(41, 'frozen', '', 28, '2012-08-01 13:32:32'),
(5, 'frozen', '', 29, '2012-08-01 13:32:33'),
(6, 'frozen', '', 30, '2012-08-01 13:32:35'),
(7, 'frozen', '', 31, '2012-08-01 13:32:36'),
(8, 'frozen', '', 32, '2012-08-01 13:32:37'),
(9, 'frozen', '', 33, '2012-08-01 13:32:38'),
(41, 'frozen', '', 34, '2012-08-01 13:43:34'),
(14, 'frozen', '', 35, '2012-08-01 13:43:35'),
(10, 'frozen', '', 36, '2012-08-01 13:43:36'),
(1, 'frozen', '', 37, '2012-08-01 13:45:38'),
(1, 'frozen', '', 38, '2012-08-01 13:45:38'),
(12, 'frozen', '', 39, '2012-08-01 13:45:39'),
(12, 'frozen', '', 40, '2012-08-01 13:45:39'),
(2, 'frozen', '', 41, '2012-08-01 13:45:40'),
(2, 'frozen', '', 42, '2012-08-01 13:45:40'),
(40, 'frozen', '', 43, '2012-08-01 13:45:41'),
(40, 'frozen', '', 44, '2012-08-01 13:45:42'),
(7, 'frozen', '', 45, '2012-08-01 13:45:43'),
(7, 'frozen', '', 46, '2012-08-01 13:45:43'),
(13, 'frozen', '', 47, '2012-08-02 19:45:49');

INSERT INTO `ad_tissue_cores` (`aliquot_master_id`) VALUES
(50),
(51),
(52),
(53),
(54),
(55),
(56),
(57),
(58),
(59),
(60),
(61),
(62),
(63),
(64),
(65),
(66),
(67),
(68),
(69),
(70),
(71),
(72),
(73),
(74),
(75),
(76);

INSERT INTO `ad_tissue_cores_revs` (`aliquot_master_id`, `version_id`, `version_created`) VALUES
(50, 1, '2012-08-01 13:32:09'),
(51, 2, '2012-08-01 13:32:10'),
(52, 3, '2012-08-01 13:32:12'),
(53, 4, '2012-08-01 13:32:13'),
(54, 5, '2012-08-01 13:32:14'),
(55, 6, '2012-08-01 13:32:15'),
(56, 7, '2012-08-01 13:32:16'),
(57, 8, '2012-08-01 13:32:17'),
(58, 9, '2012-08-01 13:32:19'),
(59, 10, '2012-08-01 13:32:20'),
(60, 11, '2012-08-01 13:32:21'),
(61, 12, '2012-08-01 13:32:22'),
(62, 13, '2012-08-01 13:32:23'),
(63, 14, '2012-08-01 13:32:24'),
(64, 15, '2012-08-01 13:32:26'),
(65, 16, '2012-08-01 13:32:26'),
(66, 17, '2012-08-01 13:32:28'),
(67, 18, '2012-08-01 13:32:29'),
(68, 19, '2012-08-01 13:32:30'),
(69, 20, '2012-08-01 13:32:31'),
(70, 21, '2012-08-01 13:32:32'),
(71, 22, '2012-08-01 13:32:33'),
(72, 23, '2012-08-01 13:32:34'),
(73, 24, '2012-08-01 13:32:35'),
(74, 25, '2012-08-01 13:32:36'),
(75, 26, '2012-08-01 13:32:38'),
(76, 27, '2012-08-01 13:32:39'),
(50, 28, '2012-08-01 13:33:29'),
(51, 29, '2012-08-01 13:33:30'),
(52, 30, '2012-08-01 13:33:30'),
(53, 31, '2012-08-01 13:33:31'),
(54, 32, '2012-08-01 13:33:31'),
(55, 33, '2012-08-01 13:33:32'),
(62, 34, '2012-08-01 13:33:33'),
(63, 35, '2012-08-01 13:33:33'),
(64, 36, '2012-08-01 13:33:34'),
(65, 37, '2012-08-01 13:33:34'),
(66, 38, '2012-08-01 13:33:35'),
(67, 39, '2012-08-01 13:33:35'),
(72, 40, '2012-08-01 13:33:36'),
(73, 41, '2012-08-01 13:33:36'),
(74, 42, '2012-08-01 13:33:37'),
(75, 43, '2012-08-01 13:33:38'),
(76, 44, '2012-08-01 13:33:38'),
(56, 45, '2012-08-01 13:33:39'),
(57, 46, '2012-08-01 13:33:40'),
(58, 47, '2012-08-01 13:33:40'),
(59, 48, '2012-08-01 13:33:41'),
(60, 49, '2012-08-01 13:33:41'),
(61, 50, '2012-08-01 13:33:42'),
(68, 51, '2012-08-01 13:33:43'),
(69, 52, '2012-08-01 13:33:43'),
(70, 53, '2012-08-01 13:33:44'),
(71, 54, '2012-08-01 13:33:44'),
(50, 55, '2012-08-01 13:36:01'),
(51, 56, '2012-08-01 13:36:01'),
(52, 57, '2012-08-01 13:36:01'),
(53, 58, '2012-08-01 13:36:02'),
(54, 59, '2012-08-01 13:36:02'),
(55, 60, '2012-08-01 13:36:03'),
(62, 61, '2012-08-01 13:36:03'),
(63, 62, '2012-08-01 13:36:03'),
(64, 63, '2012-08-01 13:36:04'),
(65, 64, '2012-08-01 13:36:04'),
(66, 65, '2012-08-01 13:36:04'),
(67, 66, '2012-08-01 13:36:05'),
(72, 67, '2012-08-01 13:36:05'),
(73, 68, '2012-08-01 13:36:05'),
(74, 69, '2012-08-01 13:36:06'),
(75, 70, '2012-08-01 13:36:06'),
(76, 71, '2012-08-01 13:36:07'),
(56, 72, '2012-08-01 13:36:07'),
(57, 73, '2012-08-01 13:36:07'),
(58, 74, '2012-08-01 13:36:08'),
(59, 75, '2012-08-01 13:36:08'),
(60, 76, '2012-08-01 13:36:08'),
(61, 77, '2012-08-01 13:36:09'),
(68, 78, '2012-08-01 13:36:09'),
(69, 79, '2012-08-01 13:36:10'),
(70, 80, '2012-08-01 13:36:11'),
(71, 81, '2012-08-01 13:36:11');

INSERT INTO `ad_tissue_slides` (`aliquot_master_id`, `immunochemistry`) VALUES
(77, ''),
(78, ''),
(79, '');

INSERT INTO `ad_tissue_slides_revs` (`aliquot_master_id`, `immunochemistry`, `version_id`, `version_created`) VALUES
(77, '', 1, '2012-08-01 13:43:34'),
(78, '', 2, '2012-08-01 13:43:36'),
(79, '', 3, '2012-08-01 13:43:37');

INSERT INTO `ad_tubes` (`aliquot_master_id`, `lot_number`, `concentration`, `concentration_unit`, `cell_count`, `cell_count_unit`, `cell_viability`, `hemolysis_signs`) VALUES
(15, '', NULL, NULL, NULL, NULL, NULL, ''),
(16, '', NULL, NULL, NULL, NULL, NULL, ''),
(17, '', NULL, NULL, NULL, NULL, NULL, ''),
(18, '', NULL, NULL, NULL, NULL, NULL, ''),
(19, '', NULL, NULL, NULL, NULL, NULL, ''),
(20, '', NULL, NULL, NULL, NULL, NULL, ''),
(21, '', NULL, NULL, NULL, NULL, NULL, ''),
(22, '', NULL, NULL, NULL, NULL, NULL, ''),
(23, '', NULL, NULL, NULL, NULL, NULL, ''),
(24, '#41222', '12.00', 'ug/ul', NULL, NULL, NULL, ''),
(25, '#41222', '12.00', 'ug/ul', NULL, NULL, NULL, ''),
(26, '#41222', '12.00', 'ug/ul', NULL, NULL, NULL, ''),
(27, '#41222', '12.00', 'ug/ul', NULL, NULL, NULL, ''),
(28, '#41222', '12.00', 'ug/ul', NULL, NULL, NULL, ''),
(29, '#41222', '12.00', 'ug/ul', NULL, NULL, NULL, ''),
(30, '#41222', '12.00', 'ug/ul', NULL, NULL, NULL, ''),
(31, '#41222', '12.00', 'ug/ul', NULL, NULL, NULL, ''),
(32, '#41222', '12.00', 'ug/ul', NULL, NULL, NULL, ''),
(33, '#41222', '12.00', 'ug/ul', NULL, NULL, NULL, ''),
(34, '', NULL, NULL, NULL, NULL, NULL, 'n'),
(35, '', NULL, NULL, NULL, NULL, NULL, 'n'),
(36, '', NULL, NULL, NULL, NULL, NULL, 'n'),
(37, '', NULL, NULL, NULL, NULL, NULL, 'n'),
(38, '', NULL, NULL, NULL, NULL, NULL, 'n'),
(39, '', NULL, NULL, NULL, NULL, NULL, 'n'),
(42, '', NULL, NULL, NULL, NULL, NULL, ''),
(43, '', NULL, NULL, NULL, NULL, NULL, ''),
(44, '', NULL, NULL, NULL, NULL, NULL, ''),
(45, '', NULL, NULL, NULL, NULL, NULL, ''),
(46, '', NULL, NULL, NULL, NULL, NULL, ''),
(47, '', NULL, NULL, NULL, NULL, NULL, ''),
(48, '', NULL, NULL, NULL, NULL, NULL, ''),
(49, '', NULL, NULL, NULL, NULL, NULL, ''),
(80, '', '12.00', 'ng/ul', NULL, NULL, NULL, ''),
(81, '', '12.00', 'ng/ul', NULL, NULL, NULL, ''),
(82, '', '12.00', 'ng/ul', NULL, NULL, NULL, ''),
(83, '', '12.00', 'ng/ul', NULL, NULL, NULL, ''),
(84, '', '12.00', 'ng/ul', NULL, NULL, NULL, ''),
(85, '', '12.00', 'ng/ul', NULL, NULL, NULL, ''),
(86, '', '12.00', 'ng/ul', NULL, NULL, NULL, ''),
(87, '', '12.00', 'ng/ul', NULL, NULL, NULL, ''),
(88, '', '12.00', 'ng/ul', NULL, NULL, NULL, ''),
(89, '', '12.00', 'ng/ul', NULL, NULL, NULL, ''),
(90, '', '12.00', 'ng/ul', NULL, NULL, NULL, ''),
(91, '', '12.00', 'ng/ul', NULL, NULL, NULL, ''),
(92, '', '12.00', 'ng/ul', NULL, NULL, NULL, ''),
(93, '', '12.00', 'ng/ul', NULL, NULL, NULL, ''),
(94, '', '12.00', 'ng/ul', NULL, NULL, NULL, ''),
(95, '', '12.00', 'ng/ul', NULL, NULL, NULL, ''),
(96, '', '12.00', 'ng/ul', NULL, NULL, NULL, ''),
(97, '', '12.00', 'ng/ul', NULL, NULL, NULL, ''),
(98, '', '12.00', 'ng/ul', NULL, NULL, NULL, ''),
(99, '', '12.00', 'ng/ul', NULL, NULL, NULL, ''),
(100, '', '12.00', 'ng/ul', NULL, NULL, NULL, ''),
(101, '', NULL, '', NULL, NULL, NULL, ''),
(102, '', NULL, '', NULL, NULL, NULL, ''),
(103, '', NULL, '', NULL, NULL, NULL, ''),
(104, '', NULL, '', NULL, NULL, NULL, ''),
(105, '', NULL, '', NULL, NULL, NULL, '');

INSERT INTO `ad_tubes_revs` (`aliquot_master_id`, `lot_number`, `concentration`, `concentration_unit`, `cell_count`, `cell_count_unit`, `cell_viability`, `hemolysis_signs`, `version_id`, `version_created`) VALUES
(15, '', NULL, NULL, NULL, NULL, NULL, '', 1, '2012-07-31 19:45:05'),
(16, '', NULL, NULL, NULL, NULL, NULL, '', 2, '2012-07-31 19:45:06'),
(17, '', NULL, NULL, NULL, NULL, NULL, '', 3, '2012-07-31 19:45:06'),
(18, '', NULL, NULL, NULL, NULL, NULL, '', 4, '2012-07-31 19:45:07'),
(19, '', NULL, NULL, NULL, NULL, NULL, '', 5, '2012-07-31 19:45:07'),
(20, '', NULL, NULL, NULL, NULL, NULL, '', 6, '2012-07-31 19:45:08'),
(21, '', NULL, NULL, NULL, NULL, NULL, '', 7, '2012-07-31 19:48:12'),
(22, '', NULL, NULL, NULL, NULL, NULL, '', 8, '2012-07-31 19:48:12'),
(23, '', NULL, NULL, NULL, NULL, NULL, '', 9, '2012-07-31 19:48:13'),
(24, '#41222', '12.00', 'ug/ul', NULL, NULL, NULL, '', 10, '2012-07-31 19:51:21'),
(25, '#41222', '12.00', 'ug/ul', NULL, NULL, NULL, '', 11, '2012-07-31 19:51:21'),
(26, '#41222', '12.00', 'ug/ul', NULL, NULL, NULL, '', 12, '2012-07-31 19:51:22'),
(27, '#41222', '12.00', 'ug/ul', NULL, NULL, NULL, '', 13, '2012-07-31 19:51:22'),
(28, '#41222', '12.00', 'ug/ul', NULL, NULL, NULL, '', 14, '2012-07-31 19:51:23'),
(29, '#41222', '12.00', 'ug/ul', NULL, NULL, NULL, '', 15, '2012-07-31 19:51:23'),
(30, '#41222', '12.00', 'ug/ul', NULL, NULL, NULL, '', 16, '2012-07-31 19:51:24'),
(31, '#41222', '12.00', 'ug/ul', NULL, NULL, NULL, '', 17, '2012-07-31 19:51:24'),
(32, '#41222', '12.00', 'ug/ul', NULL, NULL, NULL, '', 18, '2012-07-31 19:51:24'),
(33, '#41222', '12.00', 'ug/ul', NULL, NULL, NULL, '', 19, '2012-07-31 19:51:25'),
(34, '', NULL, NULL, NULL, NULL, NULL, 'n', 20, '2012-07-31 19:52:37'),
(35, '', NULL, NULL, NULL, NULL, NULL, 'n', 21, '2012-07-31 19:52:37'),
(36, '', NULL, NULL, NULL, NULL, NULL, 'n', 22, '2012-07-31 19:52:38'),
(37, '', NULL, NULL, NULL, NULL, NULL, 'n', 23, '2012-07-31 19:52:39'),
(38, '', NULL, NULL, NULL, NULL, NULL, 'n', 24, '2012-07-31 19:52:39'),
(39, '', NULL, NULL, NULL, NULL, NULL, 'n', 25, '2012-07-31 19:52:39'),
(21, '', NULL, NULL, NULL, NULL, NULL, '', 26, '2012-07-31 19:54:46'),
(22, '', NULL, NULL, NULL, NULL, NULL, '', 27, '2012-07-31 19:54:46'),
(42, '', NULL, NULL, NULL, NULL, NULL, '', 28, '2012-07-31 20:47:50'),
(43, '', NULL, NULL, NULL, NULL, NULL, '', 29, '2012-07-31 20:47:50'),
(44, '', NULL, NULL, NULL, NULL, NULL, '', 30, '2012-07-31 20:47:51'),
(45, '', NULL, NULL, NULL, NULL, NULL, '', 31, '2012-07-31 20:50:35'),
(46, '', NULL, NULL, NULL, NULL, NULL, '', 32, '2012-07-31 20:53:49'),
(47, '', NULL, NULL, NULL, NULL, NULL, '', 33, '2012-08-01 13:11:21'),
(48, '', NULL, NULL, NULL, NULL, NULL, '', 34, '2012-08-01 13:11:21'),
(49, '', NULL, NULL, NULL, NULL, NULL, '', 35, '2012-08-01 13:11:22'),
(47, '', NULL, NULL, NULL, NULL, NULL, '', 36, '2012-08-01 13:14:22'),
(48, '', NULL, NULL, NULL, NULL, NULL, '', 37, '2012-08-01 13:14:22'),
(49, '', NULL, NULL, NULL, NULL, NULL, '', 38, '2012-08-01 13:14:23'),
(45, '', NULL, NULL, NULL, NULL, NULL, '', 39, '2012-08-01 13:14:23'),
(80, '', '12.00', 'ng/ul', NULL, NULL, NULL, '', 40, '2012-08-01 13:49:07'),
(81, '', '12.00', 'ng/ul', NULL, NULL, NULL, '', 41, '2012-08-01 13:49:07'),
(82, '', '12.00', 'ng/ul', NULL, NULL, NULL, '', 42, '2012-08-01 13:49:07'),
(83, '', '12.00', 'ng/ul', NULL, NULL, NULL, '', 43, '2012-08-01 13:49:08'),
(84, '', '12.00', 'ng/ul', NULL, NULL, NULL, '', 44, '2012-08-01 13:49:08'),
(85, '', '12.00', 'ng/ul', NULL, NULL, NULL, '', 45, '2012-08-01 13:49:09'),
(86, '', '12.00', 'ng/ul', NULL, NULL, NULL, '', 46, '2012-08-01 13:49:09'),
(87, '', '12.00', 'ng/ul', NULL, NULL, NULL, '', 47, '2012-08-01 13:49:10'),
(88, '', '12.00', 'ng/ul', NULL, NULL, NULL, '', 48, '2012-08-01 13:49:10'),
(89, '', '12.00', 'ng/ul', NULL, NULL, NULL, '', 49, '2012-08-01 13:49:11'),
(90, '', '12.00', 'ng/ul', NULL, NULL, NULL, '', 50, '2012-08-01 13:49:11'),
(91, '', '12.00', 'ng/ul', NULL, NULL, NULL, '', 51, '2012-08-01 13:49:12'),
(92, '', '12.00', 'ng/ul', NULL, NULL, NULL, '', 52, '2012-08-01 13:49:13'),
(93, '', '12.00', 'ng/ul', NULL, NULL, NULL, '', 53, '2012-08-01 13:49:13'),
(94, '', '12.00', 'ng/ul', NULL, NULL, NULL, '', 54, '2012-08-01 13:49:13'),
(95, '', '12.00', 'ng/ul', NULL, NULL, NULL, '', 55, '2012-08-01 13:49:14'),
(96, '', '12.00', 'ng/ul', NULL, NULL, NULL, '', 56, '2012-08-01 13:49:14'),
(97, '', '12.00', 'ng/ul', NULL, NULL, NULL, '', 57, '2012-08-01 13:49:15'),
(98, '', '12.00', 'ng/ul', NULL, NULL, NULL, '', 58, '2012-08-01 13:49:16'),
(99, '', '12.00', 'ng/ul', NULL, NULL, NULL, '', 59, '2012-08-01 13:49:17'),
(100, '', '12.00', 'ng/ul', NULL, NULL, NULL, '', 60, '2012-08-01 13:49:17'),
(80, '', '12.00', 'ng/ul', NULL, NULL, NULL, '', 61, '2012-08-01 13:53:59'),
(87, '', '12.00', 'ng/ul', NULL, NULL, NULL, '', 62, '2012-08-01 13:53:59'),
(91, '', '12.00', 'ng/ul', NULL, NULL, NULL, '', 63, '2012-08-01 13:53:59'),
(96, '', '12.00', 'ng/ul', NULL, NULL, NULL, '', 64, '2012-08-01 13:53:59'),
(99, '', '12.00', 'ng/ul', NULL, NULL, NULL, '', 65, '2012-08-01 13:53:59'),
(80, '', '12.00', 'ng/ul', NULL, NULL, NULL, '', 66, '2012-08-01 13:54:00'),
(87, '', '12.00', 'ng/ul', NULL, NULL, NULL, '', 67, '2012-08-01 13:54:00'),
(91, '', '12.00', 'ng/ul', NULL, NULL, NULL, '', 68, '2012-08-01 13:54:01'),
(96, '', '12.00', 'ng/ul', NULL, NULL, NULL, '', 69, '2012-08-01 13:54:01'),
(99, '', '12.00', 'ng/ul', NULL, NULL, NULL, '', 70, '2012-08-01 13:54:02'),
(80, '', '12.00', 'ng/ul', NULL, NULL, NULL, '', 71, '2012-08-01 13:55:57'),
(101, '', NULL, '', NULL, NULL, NULL, '', 72, '2012-08-01 13:55:58'),
(80, '', '12.00', 'ng/ul', NULL, NULL, NULL, '', 73, '2012-08-01 13:55:59'),
(87, '', '12.00', 'ng/ul', NULL, NULL, NULL, '', 74, '2012-08-01 13:55:59'),
(102, '', NULL, '', NULL, NULL, NULL, '', 75, '2012-08-01 13:55:59'),
(87, '', '12.00', 'ng/ul', NULL, NULL, NULL, '', 76, '2012-08-01 13:56:00'),
(91, '', '12.00', 'ng/ul', NULL, NULL, NULL, '', 77, '2012-08-01 13:56:00'),
(103, '', NULL, '', NULL, NULL, NULL, '', 78, '2012-08-01 13:56:01'),
(91, '', '12.00', 'ng/ul', NULL, NULL, NULL, '', 79, '2012-08-01 13:56:02'),
(96, '', '12.00', 'ng/ul', NULL, NULL, NULL, '', 80, '2012-08-01 13:56:02'),
(104, '', NULL, '', NULL, NULL, NULL, '', 81, '2012-08-01 13:56:02'),
(96, '', '12.00', 'ng/ul', NULL, NULL, NULL, '', 82, '2012-08-01 13:56:03'),
(99, '', '12.00', 'ng/ul', NULL, NULL, NULL, '', 83, '2012-08-01 13:56:03'),
(105, '', NULL, '', NULL, NULL, NULL, '', 84, '2012-08-01 13:56:04'),
(99, '', '12.00', 'ng/ul', NULL, NULL, NULL, '', 85, '2012-08-01 13:56:05'),
(101, '', NULL, '', NULL, NULL, NULL, '', 86, '2012-08-01 13:58:05'),
(102, '', NULL, '', NULL, NULL, NULL, '', 87, '2012-08-01 13:58:06'),
(103, '', NULL, '', NULL, NULL, NULL, '', 88, '2012-08-01 13:58:07'),
(104, '', NULL, '', NULL, NULL, NULL, '', 89, '2012-08-01 13:58:08'),
(105, '', NULL, '', NULL, NULL, NULL, '', 90, '2012-08-01 13:58:09'),
(101, '', NULL, '', NULL, NULL, NULL, '', 91, '2012-08-01 13:59:42'),
(101, '', NULL, '', NULL, NULL, NULL, '', 92, '2012-08-01 13:59:43'),
(102, '', NULL, '', NULL, NULL, NULL, '', 93, '2012-08-01 13:59:44'),
(102, '', NULL, '', NULL, NULL, NULL, '', 94, '2012-08-01 13:59:44'),
(103, '', NULL, '', NULL, NULL, NULL, '', 95, '2012-08-01 13:59:45'),
(103, '', NULL, '', NULL, NULL, NULL, '', 96, '2012-08-01 13:59:45'),
(104, '', NULL, '', NULL, NULL, NULL, '', 97, '2012-08-01 13:59:46'),
(104, '', NULL, '', NULL, NULL, NULL, '', 98, '2012-08-01 13:59:46'),
(105, '', NULL, '', NULL, NULL, NULL, '', 99, '2012-08-01 13:59:46'),
(105, '', NULL, '', NULL, NULL, NULL, '', 100, '2012-08-01 13:59:48'),
(104, '', NULL, '', NULL, NULL, NULL, '', 101, '2012-08-02 19:47:51'),
(80, '', '12.00', 'ng/ul', NULL, NULL, NULL, '', 102, '2012-08-02 19:54:25'),
(81, '', '12.00', 'ng/ul', NULL, NULL, NULL, '', 103, '2012-08-02 19:54:25'),
(82, '', '12.00', 'ng/ul', NULL, NULL, NULL, '', 104, '2012-08-02 19:54:25'),
(83, '', '12.00', 'ng/ul', NULL, NULL, NULL, '', 105, '2012-08-02 19:54:26'),
(84, '', '12.00', 'ng/ul', NULL, NULL, NULL, '', 106, '2012-08-02 19:54:26'),
(85, '', '12.00', 'ng/ul', NULL, NULL, NULL, '', 107, '2012-08-02 19:54:27'),
(86, '', '12.00', 'ng/ul', NULL, NULL, NULL, '', 108, '2012-08-02 19:54:27'),
(87, '', '12.00', 'ng/ul', NULL, NULL, NULL, '', 109, '2012-08-02 19:54:27'),
(88, '', '12.00', 'ng/ul', NULL, NULL, NULL, '', 110, '2012-08-02 19:54:28'),
(89, '', '12.00', 'ng/ul', NULL, NULL, NULL, '', 111, '2012-08-02 19:54:28'),
(90, '', '12.00', 'ng/ul', NULL, NULL, NULL, '', 112, '2012-08-02 19:54:28'),
(91, '', '12.00', 'ng/ul', NULL, NULL, NULL, '', 113, '2012-08-02 19:54:29'),
(92, '', '12.00', 'ng/ul', NULL, NULL, NULL, '', 114, '2012-08-02 19:54:29'),
(93, '', '12.00', 'ng/ul', NULL, NULL, NULL, '', 115, '2012-08-02 19:54:29'),
(94, '', '12.00', 'ng/ul', NULL, NULL, NULL, '', 116, '2012-08-02 19:54:30'),
(95, '', '12.00', 'ng/ul', NULL, NULL, NULL, '', 117, '2012-08-02 19:54:30'),
(96, '', '12.00', 'ng/ul', NULL, NULL, NULL, '', 118, '2012-08-02 19:54:31'),
(97, '', '12.00', 'ng/ul', NULL, NULL, NULL, '', 119, '2012-08-02 19:54:31'),
(98, '', '12.00', 'ng/ul', NULL, NULL, NULL, '', 120, '2012-08-02 19:54:31'),
(99, '', '12.00', 'ng/ul', NULL, NULL, NULL, '', 121, '2012-08-02 19:54:32'),
(100, '', '12.00', 'ng/ul', NULL, NULL, NULL, '', 122, '2012-08-02 19:54:32'),
(97, '', '12.00', 'ng/ul', NULL, NULL, NULL, '', 123, '2012-08-02 19:55:29'),
(97, '', '12.00', 'ng/ul', NULL, NULL, NULL, '', 124, '2012-08-02 19:55:30');

INSERT INTO `aliquot_internal_uses` (`id`, `aliquot_master_id`, `type`, `use_code`, `use_details`, `used_volume`, `use_datetime`, `use_datetime_accuracy`, `duration`, `duration_unit`, `used_by`, `study_summary_id`, `created`, `created_by`, `modified`, `modified_by`, `deleted`) VALUES
(1, 13, 'internal use', 'Loan to Dr Green Lab', '', NULL, '2010-03-01 00:00:00', 'h', NULL, '', '', 2, '2012-08-02 19:45:49', 1, '2012-08-02 19:52:28', 1, 0),
(2, 104, 'internal use', 'Reviewed By Dr Ter', 'see path report 6794', NULL, '2012-01-01 00:00:00', 'y', NULL, '', '', NULL, '2012-08-02 19:47:51', 1, '2012-08-02 19:52:50', 1, 0),
(3, 97, 'at room temperature', 'Error in lab (see report 6721)', '', NULL, '2012-08-02 00:00:00', 'h', 3, 'hr', '', NULL, '2012-08-02 19:55:29', 1, '2012-08-02 19:55:29', 1, 0);

INSERT INTO `aliquot_internal_uses_revs` (`id`, `aliquot_master_id`, `type`, `use_code`, `use_details`, `used_volume`, `use_datetime`, `use_datetime_accuracy`, `duration`, `duration_unit`, `used_by`, `study_summary_id`, `modified_by`, `version_id`, `version_created`) VALUES
(1, 13, 'internal use', 'Loan to Dr Green Lab', '', NULL, '2010-03-01 00:00:00', 'h', NULL, NULL, '', NULL, 1, 1, '2012-08-02 19:45:49'),
(2, 104, 'internal use', 'Reviewed By Dr Ter', '', NULL, '2012-01-01 00:00:00', 'y', NULL, NULL, '', NULL, 1, 2, '2012-08-02 19:47:51'),
(1, 13, 'internal use', 'Loan to Dr Green Lab', '', NULL, '2010-03-01 00:00:00', 'h', NULL, '', 'tech. 2', 2, 1, 3, '2012-08-02 19:50:20'),
(1, 13, 'internal use', 'Loan to Dr Green Lab', '', NULL, '2010-03-01 00:00:00', 'h', NULL, '', '', 2, 1, 4, '2012-08-02 19:52:28'),
(2, 104, 'internal use', 'Reviewed By Dr Ter', 'see path report 6794', NULL, '2012-01-01 00:00:00', 'y', NULL, '', '', NULL, 1, 5, '2012-08-02 19:52:51'),
(3, 97, 'at room temperature', 'Error in lab (see report 6721)', '', NULL, '2012-08-02 00:00:00', 'h', 3, 'hr', '', NULL, 1, 6, '2012-08-02 19:55:29');

INSERT INTO `aliquot_masters` (`id`, `barcode`, `aliquot_label`, `aliquot_control_id`, `collection_id`, `sample_master_id`, `sop_master_id`, `initial_volume`, `current_volume`, `in_stock`, `in_stock_detail`, `use_counter`, `study_summary_id`, `storage_datetime`, `storage_datetime_accuracy`, `storage_master_id`, `storage_coord_x`, `storage_coord_y`, `product_code`, `notes`, `created`, `created_by`, `modified`, `modified_by`, `deleted`) VALUES
(1, 'b1892', 'block 98893.1', 9, 2, 1, NULL, NULL, NULL, 'yes - available', '', 3, 2, '2012-07-03 12:23:00', 'c', 30, '', '', NULL, NULL, '2012-07-31 19:34:31', 1, '2012-08-01 13:45:38', 1, 0),
(2, 'b1893', 'block 98893.2', 9, 2, 1, NULL, NULL, NULL, 'yes - available', '', 3, 2, '2012-07-03 12:23:00', 'c', 30, '', '', NULL, NULL, '2012-07-31 19:34:32', 1, '2012-08-01 13:45:40', 1, 0),
(3, 'b1894', 'block 98893.3', 9, 2, 1, NULL, NULL, NULL, 'yes - available', '', NULL, 2, '2012-07-03 12:23:00', 'c', 30, '', '', NULL, NULL, '2012-07-31 19:34:32', 1, '2012-08-01 13:32:25', 1, 0),
(4, 'b1895', 'block 98893.4', 9, 2, 1, NULL, NULL, NULL, 'yes - available', '', NULL, 2, '2012-07-03 12:23:00', 'c', 30, '', '', NULL, NULL, '2012-07-31 19:34:33', 1, '2012-08-01 13:32:27', 1, 0),
(5, 'b1896', 'block 98893.5', 9, 2, 1, NULL, NULL, NULL, 'yes - available', '', NULL, 2, '2012-07-03 12:23:00', 'c', 30, '', '', NULL, NULL, '2012-07-31 19:34:33', 1, '2012-08-01 13:32:33', 1, 0),
(6, 'b1897', 'block 98893.6', 9, 2, 1, NULL, NULL, NULL, 'yes - available', '', NULL, 2, '2012-07-03 12:23:00', 'c', 30, '', '', NULL, NULL, '2012-07-31 19:34:34', 1, '2012-08-01 13:32:34', 1, 0),
(7, 'b1898', 'block 98893.7', 9, 2, 1, NULL, NULL, NULL, 'yes - available', '', 2, 2, '2012-07-03 12:23:00', 'c', 30, '', '', NULL, NULL, '2012-07-31 19:34:34', 1, '2012-08-01 13:45:43', 1, 0),
(8, 'b1899', 'block 98893.8', 9, 2, 1, NULL, NULL, NULL, 'yes - available', '', NULL, 2, '2012-07-03 12:23:00', 'c', 30, '', '', NULL, NULL, '2012-07-31 19:34:35', 1, '2012-08-01 13:32:37', 1, 0),
(9, 'b18910', 'block 98893.9', 9, 2, 1, NULL, NULL, NULL, 'yes - available', '', NULL, 2, '2012-07-03 12:23:00', 'c', 30, '', '', NULL, NULL, '2012-07-31 19:34:35', 1, '2012-08-01 13:32:38', 1, 0),
(10, 'b18911', 'block 98893.10', 9, 2, 1, NULL, NULL, NULL, 'yes - available', '', NULL, 2, '2012-07-03 12:23:00', 'c', 30, '', '', NULL, NULL, '2012-07-31 19:34:36', 1, '2012-08-01 13:43:36', 1, 0),
(11, 'b18912', 'block 98893.11', 9, 2, 1, NULL, NULL, NULL, 'yes - available', '', NULL, 2, '2012-07-03 12:23:00', 'c', 30, '', '', NULL, NULL, '2012-07-31 19:34:36', 1, '2012-08-01 13:32:13', 1, 0),
(12, 'r43.1', 'HY678', 9, 3, 2, NULL, NULL, NULL, 'yes - available', '', 3, NULL, '2010-03-01 00:00:00', 'h', 30, '', '', NULL, NULL, '2012-07-31 19:42:15', 1, '2012-08-01 13:45:39', 1, 0),
(13, 'r43.2', 'HY678', 9, 3, 2, NULL, NULL, NULL, 'yes - available', '', NULL, NULL, '2010-03-01 00:00:00', 'h', 30, '', '', NULL, NULL, '2012-07-31 19:42:15', 1, '2012-08-02 19:45:49', 1, 0),
(14, 'r43.3', 'HY678', 9, 3, 2, NULL, NULL, NULL, 'yes - available', '', NULL, NULL, '2010-03-01 00:00:00', 'h', 30, '', '', NULL, NULL, '2012-07-31 19:42:16', 1, '2012-08-01 13:43:35', 1, 0),
(15, 'tb11', 'r41', 1, 3, 2, NULL, NULL, NULL, 'yes - available', '', NULL, NULL, '2010-03-01 00:00:00', 'h', 31, '1', 'A', NULL, NULL, '2012-07-31 19:45:05', 1, '2012-07-31 19:45:05', 1, 0),
(16, 'tb12', 'r41', 1, 3, 2, NULL, NULL, NULL, 'yes - available', '', NULL, NULL, '2010-03-01 00:00:00', 'h', 31, '1', 'B', NULL, NULL, '2012-07-31 19:45:06', 1, '2012-07-31 19:45:06', 1, 0),
(17, 'tb13', 'r41', 1, 3, 2, NULL, NULL, NULL, 'yes - available', '', NULL, NULL, '2010-03-01 00:00:00', 'h', 31, '1', 'C', NULL, NULL, '2012-07-31 19:45:06', 1, '2012-07-31 19:45:06', 1, 0),
(18, 'tb14', 'r41', 1, 3, 2, NULL, NULL, NULL, 'yes - available', '', NULL, NULL, '2010-03-01 00:00:00', 'h', 31, '1', 'D', NULL, NULL, '2012-07-31 19:45:07', 1, '2012-07-31 19:45:07', 1, 0),
(19, 'tb15', 'r41', 1, 3, 2, NULL, NULL, NULL, 'yes - available', '', NULL, NULL, '2010-03-01 00:00:00', 'h', 31, '1', 'E', NULL, NULL, '2012-07-31 19:45:07', 1, '2012-07-31 19:45:07', 1, 0),
(20, 'tb16', 'r41', 1, 3, 2, NULL, NULL, NULL, 'yes - available', '', NULL, NULL, '2010-03-01 00:00:00', 'h', 31, '1', 'F', NULL, NULL, '2012-07-31 19:45:08', 1, '2012-07-31 19:45:08', 1, 0),
(21, 'blood4', '', 3, 3, 3, NULL, '3.40000', '3.40000', 'yes - available', '', NULL, NULL, '2019-03-01 00:00:00', 'c', 13, '3', 'A', NULL, NULL, '2012-07-31 19:48:12', 1, '2012-07-31 19:54:46', 1, 0),
(22, 'blood5', '', 3, 3, 3, NULL, '3.40000', '3.40000', 'yes - available', '', NULL, NULL, '2019-03-01 00:00:00', 'c', 13, '2', 'A', NULL, NULL, '2012-07-31 19:48:12', 1, '2012-07-31 19:54:46', 1, 0),
(23, 'blood6', '', 3, 3, 3, NULL, '3.40000', '3.40000', 'yes - available', '', NULL, NULL, '2019-03-01 00:00:00', 'c', 13, '1', 'A', NULL, NULL, '2012-07-31 19:48:13', 1, '2012-07-31 19:48:13', 1, 0),
(24, 'dna1', 'DNA BLOOD ', 29, 3, 5, NULL, '3.00000', '3.00000', 'yes - available', '', NULL, NULL, '2012-07-03 07:57:00', 'c', 12, '3', 'A', NULL, NULL, '2012-07-31 19:51:20', 1, '2012-07-31 19:51:20', 1, 0),
(25, 'dna2', 'DNA BLOOD ', 29, 3, 5, NULL, '3.00000', '3.00000', 'yes - available', '', NULL, NULL, '2012-07-03 07:57:00', 'c', 12, '3', 'B', NULL, NULL, '2012-07-31 19:51:21', 1, '2012-07-31 19:51:21', 1, 0),
(26, 'dna3', 'DNA BLOOD ', 29, 3, 5, NULL, '3.00000', '3.00000', 'yes - available', '', NULL, NULL, '2012-07-03 07:57:00', 'c', 12, '3', 'C', NULL, NULL, '2012-07-31 19:51:21', 1, '2012-07-31 19:51:21', 1, 0),
(27, 'dna4', 'DNA BLOOD ', 29, 3, 5, NULL, '3.00000', '3.00000', 'yes - available', '', NULL, NULL, '2012-07-03 07:57:00', 'c', 12, '3', 'D', NULL, NULL, '2012-07-31 19:51:22', 1, '2012-07-31 19:51:22', 1, 0),
(28, 'dna5', 'DNA BLOOD ', 29, 3, 5, NULL, '3.00000', '3.00000', 'yes - available', '', NULL, NULL, '2012-07-03 07:57:00', 'c', 12, '3', 'E', NULL, NULL, '2012-07-31 19:51:22', 1, '2012-07-31 19:51:22', 1, 0),
(29, 'dna6', 'DNA BLOOD ', 29, 3, 5, NULL, '3.00000', '3.00000', 'yes - available', '', NULL, NULL, '2012-07-03 07:57:00', 'c', 12, '3', 'F', NULL, NULL, '2012-07-31 19:51:23', 1, '2012-07-31 19:51:23', 1, 0),
(30, 'dna7', 'DNA BLOOD ', 29, 3, 5, NULL, '3.00000', '3.00000', 'yes - available', '', NULL, NULL, '2012-07-03 07:57:00', 'c', 12, '3', 'G', NULL, NULL, '2012-07-31 19:51:23', 1, '2012-07-31 19:51:23', 1, 0),
(31, 'dna8', 'DNA BLOOD ', 29, 3, 5, NULL, '3.00000', '3.00000', 'yes - available', '', NULL, NULL, '2012-07-03 07:57:00', 'c', 12, '4', 'A', NULL, NULL, '2012-07-31 19:51:24', 1, '2012-07-31 19:51:24', 1, 0),
(32, 'dna9', 'DNA BLOOD ', 29, 3, 5, NULL, '3.00000', '3.00000', 'yes - available', '', NULL, NULL, '2012-07-03 07:57:00', 'c', 12, '4', 'B', NULL, NULL, '2012-07-31 19:51:24', 1, '2012-07-31 19:51:24', 1, 0),
(33, 'dna10', 'DNA BLOOD ', 29, 3, 5, NULL, '3.00000', '3.00000', 'yes - available', '', NULL, NULL, '2012-07-03 07:57:00', 'c', 12, '4', 'C', NULL, NULL, '2012-07-31 19:51:25', 1, '2012-07-31 19:51:25', 1, 0),
(34, 'pl1', 'PLASMA 1', 16, 3, 6, NULL, '3.20000', '3.20000', 'yes - available', '', NULL, NULL, NULL, '', 26, '11', '', NULL, NULL, '2012-07-31 19:52:36', 1, '2012-07-31 19:52:36', 1, 0),
(35, 'pl2', 'PLASMA 1', 16, 3, 6, NULL, '3.20000', '3.20000', 'yes - available', '', NULL, NULL, NULL, '', 26, '12', '', NULL, NULL, '2012-07-31 19:52:37', 1, '2012-07-31 19:52:37', 1, 0),
(36, 'pl3', 'PLASMA 1', 16, 3, 6, NULL, '3.20000', '3.20000', 'yes - available', '', NULL, NULL, NULL, '', 26, '13', '', NULL, NULL, '2012-07-31 19:52:38', 1, '2012-07-31 19:52:38', 1, 0),
(37, 'pl4', 'PLASMA 1', 16, 3, 6, NULL, '3.20000', '3.20000', 'yes - available', '', NULL, NULL, NULL, '', 26, '14', '', NULL, NULL, '2012-07-31 19:52:38', 1, '2012-07-31 19:52:38', 1, 0),
(38, 'pl5', 'PLASMA 1', 16, 3, 6, NULL, '3.20000', '3.20000', 'yes - available', '', NULL, NULL, NULL, '', 26, '15', '', NULL, NULL, '2012-07-31 19:52:39', 1, '2012-07-31 19:52:39', 1, 0),
(39, 'pl6', 'PLASMA 1', 16, 3, 6, NULL, '3.20000', '3.20000', 'yes - available', '', NULL, NULL, NULL, '', 26, '16', '', NULL, NULL, '2012-07-31 19:52:39', 1, '2012-07-31 19:52:39', 1, 0),
(40, 'blck55', 'BL MET 001', 9, 4, 7, NULL, NULL, NULL, 'yes - available', '', 3, NULL, '2004-06-05 10:30:00', 'c', 30, '', '', NULL, NULL, '2012-07-31 20:46:47', 1, '2012-08-01 13:45:41', 1, 0),
(41, 'blck56', 'BL MET 001', 9, 4, 7, NULL, NULL, NULL, 'yes - available', '', NULL, NULL, '2004-06-05 10:30:00', 'c', 30, '', '', NULL, '', '2012-07-31 20:46:47', 1, '2012-08-01 13:43:34', 1, 0),
(42, 'tistb6741', '', 1, 4, 7, NULL, NULL, NULL, 'yes - available', '', NULL, NULL, '2004-06-05 10:30:00', 'c', 14, '70', '', NULL, NULL, '2012-07-31 20:47:49', 1, '2012-07-31 20:47:49', 1, 0),
(43, 'tistb6742', '', 1, 4, 7, NULL, NULL, NULL, 'yes - available', '', NULL, NULL, '2004-06-05 10:30:00', 'c', 14, '71', '', NULL, NULL, '2012-07-31 20:47:50', 1, '2012-07-31 20:47:50', 1, 0),
(44, 'tistb6743', '', 1, 4, 7, NULL, NULL, NULL, 'yes - available', '', NULL, NULL, '2004-06-05 10:30:00', 'c', 14, '72', '', NULL, NULL, '2012-07-31 20:47:50', 1, '2012-07-31 20:47:50', 1, 0),
(45, 'blpax 001', 'BLOOD P0002', 3, 5, 8, NULL, '12.00000', '12.00000', 'yes - available', '', NULL, NULL, '2008-08-06 12:45:00', 'c', 13, '1', 'C', NULL, NULL, '2012-07-31 20:50:35', 1, '2012-08-01 13:14:23', 1, 0),
(46, 'tistb456', 'Tiss P002', 1, 5, 9, NULL, NULL, NULL, 'yes - available', '', NULL, NULL, '2008-08-06 12:45:00', 'c', 14, '67', '', NULL, NULL, '2012-07-31 20:53:48', 1, '2012-07-31 20:53:49', 1, 0),
(47, '39021-bl1', '', 3, 1, 10, NULL, '2.00000', '2.00000', 'yes - available', '', NULL, NULL, '2001-06-23 00:00:00', 'c', 13, '1', 'B', NULL, NULL, '2012-08-01 13:11:21', 1, '2012-08-01 13:14:22', 1, 0),
(48, '39021-bl2', '', 3, 1, 10, NULL, '2.00000', '2.00000', 'yes - available', '', NULL, NULL, '2001-06-23 00:00:00', 'c', 13, '2', 'B', NULL, NULL, '2012-08-01 13:11:21', 1, '2012-08-01 13:14:22', 1, 0),
(49, '39021-bl3', '', 3, 1, 10, NULL, '2.00000', '2.00000', 'yes - available', '', NULL, NULL, '2001-06-23 00:00:00', 'c', 13, '3', 'B', NULL, NULL, '2012-08-01 13:11:22', 1, '2012-08-01 13:14:23', 1, 0),
(50, 'b1892.c1', '', 33, 2, 1, NULL, NULL, NULL, 'yes - available', '', NULL, 1, '2012-03-01 00:00:00', 'h', 32, '8', '4', NULL, NULL, '2012-08-01 13:32:09', 1, '2012-08-01 13:36:00', 1, 0),
(51, 'b1892.c2', '', 33, 2, 1, NULL, NULL, NULL, 'yes - available', '', NULL, 1, '2012-03-01 00:00:00', 'h', 32, '7', '8', NULL, NULL, '2012-08-01 13:32:10', 1, '2012-08-01 13:36:01', 1, 0),
(52, 'b18911.c3', '', 33, 2, 1, NULL, NULL, NULL, 'yes - available', '', NULL, 1, '2012-03-01 00:00:00', 'h', 32, '7', '4', NULL, NULL, '2012-08-01 13:32:11', 1, '2012-08-01 13:36:01', 1, 0),
(53, 'b18911.c4', '', 33, 2, 1, NULL, NULL, NULL, 'yes - available', '', NULL, 1, '2012-03-01 00:00:00', 'h', 32, '9', '7', NULL, NULL, '2012-08-01 13:32:12', 1, '2012-08-01 13:36:02', 1, 0),
(54, 'b18912.c5', '', 33, 2, 1, NULL, NULL, NULL, 'yes - available', '', NULL, 1, '2012-03-01 00:00:00', 'h', 32, '9', '3', NULL, NULL, '2012-08-01 13:32:14', 1, '2012-08-01 13:36:02', 1, 0),
(55, 'b18912.c6', '', 33, 2, 1, NULL, NULL, NULL, 'yes - available', '', NULL, 1, '2012-03-01 00:00:00', 'h', 32, '7', '3', NULL, NULL, '2012-08-01 13:32:15', 1, '2012-08-01 13:36:02', 1, 0),
(56, 'r43.1.c7', '', 33, 3, 2, NULL, NULL, NULL, 'yes - available', '', NULL, 1, '2012-03-01 00:00:00', 'h', 32, '2', '7', NULL, NULL, '2012-08-01 13:32:16', 1, '2012-08-01 13:36:07', 1, 0),
(57, 'r43.1.c8', '', 33, 3, 2, NULL, NULL, NULL, 'yes - available', '', NULL, 1, '2012-03-01 00:00:00', 'h', 32, '7', '2', NULL, NULL, '2012-08-01 13:32:17', 1, '2012-08-01 13:36:07', 1, 0),
(58, 'r43.2.c9', '', 33, 3, 2, NULL, NULL, NULL, 'yes - available', '', NULL, 1, '2012-03-01 00:00:00', 'h', 32, '4', '4', NULL, NULL, '2012-08-01 13:32:19', 1, '2012-08-01 13:36:07', 1, 0),
(59, 'r43.2.c10', '', 33, 3, 2, NULL, NULL, NULL, 'yes - available', '', NULL, 1, '2012-03-01 00:00:00', 'h', 32, '2', '4', NULL, NULL, '2012-08-01 13:32:20', 1, '2012-08-01 13:36:08', 1, 0),
(60, 'r43.3.c11', '', 33, 3, 2, NULL, NULL, NULL, 'yes - available', '', NULL, 1, '2012-03-01 00:00:00', 'h', 32, '3', '4', NULL, NULL, '2012-08-01 13:32:21', 1, '2012-08-01 13:36:08', 1, 0),
(61, 'r43.3.c12', '', 33, 3, 2, NULL, NULL, NULL, 'yes - available', '', NULL, 1, '2012-03-01 00:00:00', 'h', 32, '4', '3', NULL, NULL, '2012-08-01 13:32:22', 1, '2012-08-01 13:36:08', 1, 0),
(62, 'b1893.c20', '', 33, 2, 1, NULL, NULL, NULL, 'yes - available', '', NULL, 1, '2012-03-01 00:00:00', 'h', 32, '4', '8', NULL, NULL, '2012-08-01 13:32:23', 1, '2012-08-01 13:36:03', 1, 0),
(63, 'b1893.c21', '', 33, 2, 1, NULL, NULL, NULL, 'yes - available', '', NULL, 1, '2012-03-01 00:00:00', 'h', 32, '8', '8', NULL, NULL, '2012-08-01 13:32:24', 1, '2012-08-01 13:36:03', 1, 0),
(64, 'b1894.c22', '', 33, 2, 1, NULL, NULL, NULL, 'yes - available', '', NULL, 1, '2012-03-01 00:00:00', 'h', 32, '8', '7', NULL, NULL, '2012-08-01 13:32:25', 1, '2012-08-01 13:36:03', 1, 0),
(65, 'b1894.c23', '', 33, 2, 1, NULL, NULL, NULL, 'yes - available', '', NULL, 1, '2012-03-01 00:00:00', 'h', 32, '4', '7', NULL, NULL, '2012-08-01 13:32:26', 1, '2012-08-01 13:36:04', 1, 0),
(66, 'b1895.c30', '', 33, 2, 1, NULL, NULL, NULL, 'yes - available', '', NULL, 1, '2012-03-01 00:00:00', 'h', 32, '9', '4', NULL, NULL, '2012-08-01 13:32:27', 1, '2012-08-01 13:36:04', 1, 0),
(67, 'b1895.c31', '', 33, 2, 1, NULL, NULL, NULL, 'yes - available', '', NULL, 1, '2012-03-01 00:00:00', 'h', 32, '3', '8', NULL, NULL, '2012-08-01 13:32:28', 1, '2012-08-01 13:36:05', 1, 0),
(68, 'blck55.c35', '', 33, 4, 7, NULL, NULL, NULL, 'yes - available', '', NULL, 1, '2012-03-01 00:00:00', 'h', 32, '3', '2', NULL, NULL, '2012-08-01 13:32:30', 1, '2012-08-01 13:36:09', 1, 0),
(69, 'blck55.c36', '', 33, 4, 7, NULL, NULL, NULL, 'yes - available', '', NULL, 1, '2012-03-01 00:00:00', 'h', 32, '4', '2', NULL, NULL, '2012-08-01 13:32:31', 1, '2012-08-01 13:36:09', 1, 0),
(70, 'blck56.c40', '', 33, 4, 7, NULL, NULL, NULL, 'yes - available', '', NULL, 1, '2012-03-01 00:00:00', 'h', 32, '2', '3', NULL, NULL, '2012-08-01 13:32:32', 1, '2012-08-01 13:36:10', 1, 0),
(71, 'blck56.c41', '', 33, 4, 7, NULL, NULL, NULL, 'yes - available', '', NULL, 1, '2012-03-01 00:00:00', 'h', 32, '2', '2', NULL, NULL, '2012-08-01 13:32:32', 1, '2012-08-01 13:36:11', 1, 0),
(72, 'b1896.c90', '', 33, 2, 1, NULL, NULL, NULL, 'yes - available', '', NULL, 1, '2012-03-01 00:00:00', 'h', 32, '7', '7', NULL, NULL, '2012-08-01 13:32:34', 1, '2012-08-01 13:36:05', 1, 0),
(73, 'b1897.c92', '', 33, 2, 1, NULL, NULL, NULL, 'yes - available', '', NULL, 1, '2012-03-01 00:00:00', 'h', 32, '8', '2', NULL, NULL, '2012-08-01 13:32:35', 1, '2012-08-01 13:36:05', 1, 0),
(74, 'b1898.c4', '', 33, 2, 1, NULL, NULL, NULL, 'yes - available', '', NULL, 1, '2012-03-01 00:00:00', 'h', 32, '9', '2', NULL, NULL, '2012-08-01 13:32:36', 1, '2012-08-01 13:36:06', 1, 0),
(75, 'b1899.c102', '', 33, 2, 1, NULL, NULL, NULL, 'yes - available', '', NULL, 1, '2012-03-01 00:00:00', 'h', 32, '3', '7', NULL, NULL, '2012-08-01 13:32:37', 1, '2012-08-01 13:36:06', 1, 0),
(76, 'b18910.c332', '', 33, 2, 1, NULL, NULL, NULL, 'yes - available', '', NULL, 1, '2012-03-01 00:00:00', 'h', 32, '2', '8', NULL, NULL, '2012-08-01 13:32:39', 1, '2012-08-01 13:36:06', 1, 0),
(77, 'sl-tma1', '', 10, 4, 7, NULL, NULL, NULL, 'yes - available', '', NULL, NULL, '2012-08-01 13:42:00', 'c', 20, '', '', NULL, NULL, '2012-08-01 13:43:34', 1, '2012-08-01 13:43:34', 1, 0),
(78, 'sl-tma2', '', 10, 3, 2, NULL, NULL, NULL, 'yes - available', '', NULL, NULL, '2012-08-01 13:42:00', 'c', 20, '', '', NULL, NULL, '2012-08-01 13:43:35', 1, '2012-08-01 13:43:35', 1, 0),
(79, 'sl-tma3', '', 10, 2, 1, NULL, NULL, NULL, 'yes - available', '', NULL, NULL, '2012-08-01 13:42:00', 'c', 20, '', '', NULL, NULL, '2012-08-01 13:43:37', 1, '2012-08-01 13:43:37', 1, 0),
(80, 'QP98893.d1', '', 29, 2, 11, NULL, '2.00000', '0.70000', 'yes - available', '', 2, NULL, '2012-08-01 17:46:00', 'c', 11, '9', 'C', NULL, NULL, '2012-08-01 13:49:06', 1, '2012-08-02 19:54:25', 1, 0),
(81, 'QP98893.d2', '', 29, 2, 11, NULL, '2.00000', '2.00000', 'yes - available', '', NULL, NULL, '2012-08-01 17:46:00', 'c', 11, '7', 'C', NULL, NULL, '2012-08-01 13:49:07', 1, '2012-08-02 19:54:25', 1, 0),
(82, 'QP98893.d3', '', 29, 2, 11, NULL, '2.00000', '2.00000', 'yes - available', '', NULL, NULL, '2012-08-01 17:46:00', 'c', 11, '2', 'B', NULL, NULL, '2012-08-01 13:49:07', 1, '2012-08-02 19:54:25', 1, 0),
(83, 'QP98893.d4', '', 29, 2, 11, NULL, '2.00000', '2.00000', 'yes - available', '', NULL, NULL, '2012-08-01 17:46:00', 'c', 11, '8', 'C', NULL, NULL, '2012-08-01 13:49:08', 1, '2012-08-02 19:54:26', 1, 0),
(84, 'QP98893.d5', '', 29, 2, 11, NULL, '2.00000', '2.00000', 'yes - available', '', NULL, NULL, '2012-08-01 17:46:00', 'c', 11, '3', 'B', NULL, NULL, '2012-08-01 13:49:08', 1, '2012-08-02 19:54:26', 1, 0),
(85, 'QP98893.d6', '', 29, 2, 13, NULL, '2.00000', '2.00000', 'yes - available', '', NULL, NULL, '2012-08-01 17:46:00', 'c', 11, '4', 'B', NULL, NULL, '2012-08-01 13:49:09', 1, '2012-08-02 19:54:26', 1, 0),
(86, 'QP98893.d7', '', 29, 2, 13, NULL, '2.00000', '2.00000', 'yes - available', '', NULL, NULL, '2012-08-01 17:46:00', 'c', 11, '5', 'B', NULL, NULL, '2012-08-01 13:49:09', 1, '2012-08-02 19:54:27', 1, 0),
(87, 'QP98893.d8', '', 29, 2, 13, NULL, '2.00000', '0.70000', 'yes - available', '', 2, NULL, '2012-08-01 17:46:00', 'c', 11, '5', 'A', NULL, NULL, '2012-08-01 13:49:10', 1, '2012-08-02 19:54:27', 1, 0),
(88, 'QP98893.d9', '', 29, 2, 13, NULL, '2.00000', '2.00000', 'yes - available', '', NULL, NULL, '2012-08-01 17:46:00', 'c', 11, '6', 'B', NULL, NULL, '2012-08-01 13:49:10', 1, '2012-08-02 19:54:27', 1, 0),
(89, 'QP98893.d0', '', 29, 2, 13, NULL, '2.00000', '2.00000', 'yes - available', '', NULL, NULL, '2012-08-01 17:46:00', 'c', 11, '7', 'B', NULL, NULL, '2012-08-01 13:49:10', 1, '2012-08-02 19:54:28', 1, 0),
(90, 'QP98893.d21', '', 29, 2, 15, NULL, '2.00000', '2.00000', 'yes - available', '', NULL, NULL, '2012-08-01 17:46:00', 'c', 11, '7', 'A', NULL, NULL, '2012-08-01 13:49:11', 1, '2012-08-02 19:54:28', 1, 0),
(91, 'QP98893.d22', '', 29, 2, 15, NULL, '2.00000', '0.70000', 'yes - available', '', 2, NULL, '2012-08-01 17:46:00', 'c', 11, '8', 'B', NULL, NULL, '2012-08-01 13:49:11', 1, '2012-08-02 19:54:29', 1, 0),
(92, 'QP98893.d23', '', 29, 2, 15, NULL, '2.00000', '2.00000', 'yes - available', '', NULL, NULL, '2012-08-01 17:46:00', 'c', 11, '9', 'B', NULL, NULL, '2012-08-01 13:49:12', 1, '2012-08-02 19:54:29', 1, 0),
(93, 'QP98893.d24', '', 29, 2, 15, NULL, '2.00000', '2.00000', 'yes - available', '', NULL, NULL, '2012-08-01 17:46:00', 'c', 11, '9', 'A', NULL, NULL, '2012-08-01 13:49:13', 1, '2012-08-02 19:54:29', 1, 0),
(94, 'QP98893.d25', '', 29, 2, 15, NULL, '2.00000', '2.00000', 'yes - available', '', NULL, NULL, '2012-08-01 17:46:00', 'c', 11, '8', 'A', NULL, NULL, '2012-08-01 13:49:13', 1, '2012-08-02 19:54:30', 1, 0),
(95, 'QP9387.d1', '', 29, 3, 12, NULL, '2.00000', '2.00000', 'yes - available', '', NULL, NULL, '2012-08-01 17:46:00', 'c', 11, '6', 'A', NULL, NULL, '2012-08-01 13:49:14', 1, '2012-08-02 19:54:30', 1, 0),
(96, 'QP9387.d2', '', 29, 3, 12, NULL, '2.00000', '0.70000', 'yes - available', '', 2, NULL, '2012-08-01 17:46:00', 'c', 11, '4', 'A', NULL, NULL, '2012-08-01 13:49:14', 1, '2012-08-02 19:54:30', 1, 0),
(97, 'QP9387.d3', '', 29, 3, 12, NULL, '2.00000', '2.00000', 'yes - available', '', 1, NULL, '2012-08-01 17:46:00', 'c', 11, '1', 'B', NULL, NULL, '2012-08-01 13:49:15', 1, '2012-08-02 19:55:30', 1, 0),
(98, 'QP9387.d4', '', 29, 3, 12, NULL, '1.00000', '1.00000', 'yes - available', '', NULL, NULL, '2012-08-01 17:46:00', 'c', 11, '3', 'A', NULL, NULL, '2012-08-01 13:49:16', 1, '2012-08-02 19:54:31', 1, 0),
(99, 'MET001.d1', '', 29, 4, 14, NULL, '2.00000', '0.70000', 'yes - available', '', 2, NULL, '2012-08-01 17:46:00', 'c', 11, '1', 'A', NULL, NULL, '2012-08-01 13:49:16', 1, '2012-08-02 19:54:31', 1, 0),
(100, 'MET001.d2', '', 29, 4, 14, NULL, '2.00000', '2.00000', 'yes - available', '', NULL, NULL, '2012-08-01 17:46:00', 'c', 11, '2', 'A', NULL, NULL, '2012-08-01 13:49:17', 1, '2012-08-02 19:54:32', 1, 0),
(101, 'TT902.5', '', 29, 2, 11, NULL, '1.00000', '1.00000', 'no', 'shipped', 1, 1, '2012-08-03 07:51:00', 'c', NULL, '', '', NULL, NULL, '2012-08-01 13:55:57', 1, '2012-08-01 13:59:43', 1, 0),
(102, 'TT902.4', '', 29, 2, 13, NULL, '1.00000', '1.00000', 'no', 'shipped', 1, 1, '2012-08-03 07:51:00', 'c', NULL, '', '', NULL, NULL, '2012-08-01 13:55:59', 1, '2012-08-01 13:59:44', 1, 0),
(103, 'TT902.3', '', 29, 2, 15, NULL, '1.00000', '1.00000', 'no', 'shipped', 1, 1, '2012-08-03 07:51:00', 'c', NULL, '', '', NULL, NULL, '2012-08-01 13:56:01', 1, '2012-08-01 13:59:45', 1, 0),
(104, 'TT902.2', '', 29, 3, 12, NULL, '1.00000', '1.00000', 'no', 'shipped', 1, 1, '2012-08-03 07:51:00', 'c', NULL, '', '', NULL, NULL, '2012-08-01 13:56:02', 1, '2012-08-02 19:47:51', 1, 0),
(105, 'TT902.1', '', 29, 4, 14, NULL, '1.00000', '1.00000', 'no', 'shipped', 1, 1, '2012-08-03 07:51:00', 'c', NULL, '', '', NULL, NULL, '2012-08-01 13:56:04', 1, '2012-08-01 13:59:47', 1, 0);

INSERT INTO `aliquot_masters_revs` (`id`, `barcode`, `aliquot_label`, `aliquot_control_id`, `collection_id`, `sample_master_id`, `sop_master_id`, `initial_volume`, `current_volume`, `in_stock`, `in_stock_detail`, `use_counter`, `study_summary_id`, `storage_datetime`, `storage_datetime_accuracy`, `storage_master_id`, `storage_coord_x`, `storage_coord_y`, `product_code`, `notes`, `modified_by`, `version_id`, `version_created`) VALUES
(1, 'b1892', 'block 98893.1', 9, 2, 1, NULL, NULL, NULL, 'yes - available', '', NULL, 2, '2012-07-03 12:23:00', 'c', 30, '', '', NULL, NULL, 1, 1, '2012-07-31 19:34:31'),
(2, 'b1893', 'block 98893.2', 9, 2, 1, NULL, NULL, NULL, 'yes - available', '', NULL, 2, '2012-07-03 12:23:00', 'c', 30, '', '', NULL, NULL, 1, 2, '2012-07-31 19:34:32'),
(3, 'b1894', 'block 98893.3', 9, 2, 1, NULL, NULL, NULL, 'yes - available', '', NULL, 2, '2012-07-03 12:23:00', 'c', 30, '', '', NULL, NULL, 1, 3, '2012-07-31 19:34:32'),
(4, 'b1895', 'block 98893.4', 9, 2, 1, NULL, NULL, NULL, 'yes - available', '', NULL, 2, '2012-07-03 12:23:00', 'c', 30, '', '', NULL, NULL, 1, 4, '2012-07-31 19:34:33'),
(5, 'b1896', 'block 98893.5', 9, 2, 1, NULL, NULL, NULL, 'yes - available', '', NULL, 2, '2012-07-03 12:23:00', 'c', 30, '', '', NULL, NULL, 1, 5, '2012-07-31 19:34:33'),
(6, 'b1897', 'block 98893.6', 9, 2, 1, NULL, NULL, NULL, 'yes - available', '', NULL, 2, '2012-07-03 12:23:00', 'c', 30, '', '', NULL, NULL, 1, 6, '2012-07-31 19:34:34'),
(7, 'b1898', 'block 98893.7', 9, 2, 1, NULL, NULL, NULL, 'yes - available', '', NULL, 2, '2012-07-03 12:23:00', 'c', 30, '', '', NULL, NULL, 1, 7, '2012-07-31 19:34:34'),
(8, 'b1899', 'block 98893.8', 9, 2, 1, NULL, NULL, NULL, 'yes - available', '', NULL, 2, '2012-07-03 12:23:00', 'c', 30, '', '', NULL, NULL, 1, 8, '2012-07-31 19:34:35'),
(9, 'b18910', 'block 98893.9', 9, 2, 1, NULL, NULL, NULL, 'yes - available', '', NULL, 2, '2012-07-03 12:23:00', 'c', 30, '', '', NULL, NULL, 1, 9, '2012-07-31 19:34:35'),
(10, 'b18911', 'block 98893.10', 9, 2, 1, NULL, NULL, NULL, 'yes - available', '', NULL, 2, '2012-07-03 12:23:00', 'c', 30, '', '', NULL, NULL, 1, 10, '2012-07-31 19:34:36'),
(11, 'b18912', 'block 98893.11', 9, 2, 1, NULL, NULL, NULL, 'yes - available', '', NULL, 2, '2012-07-03 12:23:00', 'c', 30, '', '', NULL, NULL, 1, 11, '2012-07-31 19:34:36'),
(12, 'r43.1', 'HY678', 9, 3, 2, NULL, NULL, NULL, 'yes - available', '', NULL, NULL, '2010-03-01 00:00:00', 'h', 30, '', '', NULL, NULL, 1, 12, '2012-07-31 19:42:15'),
(13, 'r43.2', 'HY678', 9, 3, 2, NULL, NULL, NULL, 'yes - available', '', NULL, NULL, '2010-03-01 00:00:00', 'h', 30, '', '', NULL, NULL, 1, 13, '2012-07-31 19:42:15'),
(14, 'r43.3', 'HY678', 9, 3, 2, NULL, NULL, NULL, 'yes - available', '', NULL, NULL, '2010-03-01 00:00:00', 'h', 30, '', '', NULL, NULL, 1, 14, '2012-07-31 19:42:16'),
(15, 'tb11', 'r41', 1, 3, 2, NULL, NULL, NULL, 'yes - available', '', NULL, NULL, '2010-03-01 00:00:00', 'h', 31, '1', 'A', NULL, NULL, 1, 15, '2012-07-31 19:45:05'),
(16, 'tb12', 'r41', 1, 3, 2, NULL, NULL, NULL, 'yes - available', '', NULL, NULL, '2010-03-01 00:00:00', 'h', 31, '1', 'B', NULL, NULL, 1, 16, '2012-07-31 19:45:06'),
(17, 'tb13', 'r41', 1, 3, 2, NULL, NULL, NULL, 'yes - available', '', NULL, NULL, '2010-03-01 00:00:00', 'h', 31, '1', 'C', NULL, NULL, 1, 17, '2012-07-31 19:45:06'),
(18, 'tb14', 'r41', 1, 3, 2, NULL, NULL, NULL, 'yes - available', '', NULL, NULL, '2010-03-01 00:00:00', 'h', 31, '1', 'D', NULL, NULL, 1, 18, '2012-07-31 19:45:07'),
(19, 'tb15', 'r41', 1, 3, 2, NULL, NULL, NULL, 'yes - available', '', NULL, NULL, '2010-03-01 00:00:00', 'h', 31, '1', 'E', NULL, NULL, 1, 19, '2012-07-31 19:45:07'),
(20, 'tb16', 'r41', 1, 3, 2, NULL, NULL, NULL, 'yes - available', '', NULL, NULL, '2010-03-01 00:00:00', 'h', 31, '1', 'F', NULL, NULL, 1, 20, '2012-07-31 19:45:08'),
(21, 'blood4', '', 3, 3, 3, NULL, '3.40000', '3.40000', 'yes - available', '', NULL, NULL, '2019-03-01 00:00:00', 'c', 13, '1', 'A', NULL, NULL, 1, 21, '2012-07-31 19:48:12'),
(22, 'blood5', '', 3, 3, 3, NULL, '3.40000', '3.40000', 'yes - available', '', NULL, NULL, '2019-03-01 00:00:00', 'c', 13, '1', 'A', NULL, NULL, 1, 22, '2012-07-31 19:48:12'),
(23, 'blood6', '', 3, 3, 3, NULL, '3.40000', '3.40000', 'yes - available', '', NULL, NULL, '2019-03-01 00:00:00', 'c', 13, '1', 'A', NULL, NULL, 1, 23, '2012-07-31 19:48:13'),
(24, 'dna1', 'DNA BLOOD ', 29, 3, 5, NULL, '3.00000', '3.00000', 'yes - available', '', NULL, NULL, '2012-07-03 07:57:00', 'c', 12, '3', 'A', NULL, NULL, 1, 24, '2012-07-31 19:51:20'),
(25, 'dna2', 'DNA BLOOD ', 29, 3, 5, NULL, '3.00000', '3.00000', 'yes - available', '', NULL, NULL, '2012-07-03 07:57:00', 'c', 12, '3', 'B', NULL, NULL, 1, 25, '2012-07-31 19:51:21'),
(26, 'dna3', 'DNA BLOOD ', 29, 3, 5, NULL, '3.00000', '3.00000', 'yes - available', '', NULL, NULL, '2012-07-03 07:57:00', 'c', 12, '3', 'C', NULL, NULL, 1, 26, '2012-07-31 19:51:21'),
(27, 'dna4', 'DNA BLOOD ', 29, 3, 5, NULL, '3.00000', '3.00000', 'yes - available', '', NULL, NULL, '2012-07-03 07:57:00', 'c', 12, '3', 'D', NULL, NULL, 1, 27, '2012-07-31 19:51:22'),
(28, 'dna5', 'DNA BLOOD ', 29, 3, 5, NULL, '3.00000', '3.00000', 'yes - available', '', NULL, NULL, '2012-07-03 07:57:00', 'c', 12, '3', 'E', NULL, NULL, 1, 28, '2012-07-31 19:51:22'),
(29, 'dna6', 'DNA BLOOD ', 29, 3, 5, NULL, '3.00000', '3.00000', 'yes - available', '', NULL, NULL, '2012-07-03 07:57:00', 'c', 12, '3', 'F', NULL, NULL, 1, 29, '2012-07-31 19:51:23'),
(30, 'dna7', 'DNA BLOOD ', 29, 3, 5, NULL, '3.00000', '3.00000', 'yes - available', '', NULL, NULL, '2012-07-03 07:57:00', 'c', 12, '3', 'G', NULL, NULL, 1, 30, '2012-07-31 19:51:23'),
(31, 'dna8', 'DNA BLOOD ', 29, 3, 5, NULL, '3.00000', '3.00000', 'yes - available', '', NULL, NULL, '2012-07-03 07:57:00', 'c', 12, '4', 'A', NULL, NULL, 1, 31, '2012-07-31 19:51:24'),
(32, 'dna9', 'DNA BLOOD ', 29, 3, 5, NULL, '3.00000', '3.00000', 'yes - available', '', NULL, NULL, '2012-07-03 07:57:00', 'c', 12, '4', 'B', NULL, NULL, 1, 32, '2012-07-31 19:51:24'),
(33, 'dna10', 'DNA BLOOD ', 29, 3, 5, NULL, '3.00000', '3.00000', 'yes - available', '', NULL, NULL, '2012-07-03 07:57:00', 'c', 12, '4', 'C', NULL, NULL, 1, 33, '2012-07-31 19:51:25'),
(34, 'pl1', 'PLASMA 1', 16, 3, 6, NULL, '3.20000', '3.20000', 'yes - available', '', NULL, NULL, NULL, '', 26, '11', '', NULL, NULL, 1, 34, '2012-07-31 19:52:37'),
(35, 'pl2', 'PLASMA 1', 16, 3, 6, NULL, '3.20000', '3.20000', 'yes - available', '', NULL, NULL, NULL, '', 26, '12', '', NULL, NULL, 1, 35, '2012-07-31 19:52:37'),
(36, 'pl3', 'PLASMA 1', 16, 3, 6, NULL, '3.20000', '3.20000', 'yes - available', '', NULL, NULL, NULL, '', 26, '13', '', NULL, NULL, 1, 36, '2012-07-31 19:52:38'),
(37, 'pl4', 'PLASMA 1', 16, 3, 6, NULL, '3.20000', '3.20000', 'yes - available', '', NULL, NULL, NULL, '', 26, '14', '', NULL, NULL, 1, 37, '2012-07-31 19:52:38'),
(38, 'pl5', 'PLASMA 1', 16, 3, 6, NULL, '3.20000', '3.20000', 'yes - available', '', NULL, NULL, NULL, '', 26, '15', '', NULL, NULL, 1, 38, '2012-07-31 19:52:39'),
(39, 'pl6', 'PLASMA 1', 16, 3, 6, NULL, '3.20000', '3.20000', 'yes - available', '', NULL, NULL, NULL, '', 26, '16', '', NULL, NULL, 1, 39, '2012-07-31 19:52:39'),
(21, 'blood4', '', 3, 3, 3, NULL, '3.40000', '3.40000', 'yes - available', '', NULL, NULL, '2019-03-01 00:00:00', 'c', 13, '3', 'A', NULL, NULL, 1, 40, '2012-07-31 19:54:46'),
(22, 'blood5', '', 3, 3, 3, NULL, '3.40000', '3.40000', 'yes - available', '', NULL, NULL, '2019-03-01 00:00:00', 'c', 13, '2', 'A', NULL, NULL, 1, 41, '2012-07-31 19:54:46'),
(40, 'blck55', 'BL MET 001', 9, 4, 7, NULL, NULL, NULL, 'yes - available', '', NULL, NULL, '2004-06-05 10:30:00', 'c', 30, '', '', NULL, NULL, 1, 42, '2012-07-31 20:46:47'),
(41, 'blck56', 'BL MET 001', 9, 4, 7, NULL, NULL, NULL, 'yes - available', '', NULL, NULL, '2004-06-05 10:30:00', 'c', NULL, '', '', NULL, NULL, 1, 43, '2012-07-31 20:46:48'),
(42, 'tistb6741', '', 1, 4, 7, NULL, NULL, NULL, 'yes - available', '', NULL, NULL, '2004-06-05 10:30:00', 'c', 14, '70', '', NULL, NULL, 1, 44, '2012-07-31 20:47:49'),
(43, 'tistb6742', '', 1, 4, 7, NULL, NULL, NULL, 'yes - available', '', NULL, NULL, '2004-06-05 10:30:00', 'c', 14, '71', '', NULL, NULL, 1, 45, '2012-07-31 20:47:50'),
(44, 'tistb6743', '', 1, 4, 7, NULL, NULL, NULL, 'yes - available', '', NULL, NULL, '2004-06-05 10:30:00', 'c', 14, '72', '', NULL, NULL, 1, 46, '2012-07-31 20:47:50'),
(45, 'blpax 001', 'BLOOD P0002', 3, 5, 8, NULL, '12.00000', '12.00000', 'yes - available', '', NULL, NULL, '2008-08-06 12:45:00', 'c', 13, '3', 'C', NULL, NULL, 1, 47, '2012-07-31 20:50:35'),
(46, 'tistb456', 'Tiss P002', 1, 5, 9, NULL, NULL, NULL, 'yes - available', '', NULL, NULL, '2008-08-06 12:45:00', 'c', 14, '67', '', NULL, NULL, 1, 48, '2012-07-31 20:53:49'),
(41, 'blck56', 'BL MET 001', 9, 4, 7, NULL, NULL, NULL, 'yes - available', '', NULL, NULL, '2004-06-05 10:30:00', 'c', 30, '', '', NULL, '', 1, 49, '2012-08-01 13:08:33'),
(47, '39021-bl1', '', 3, 1, 10, NULL, '2.00000', '2.00000', 'yes - available', '', NULL, NULL, '2001-06-23 00:00:00', 'c', 13, '4', 'D', NULL, NULL, 1, 50, '2012-08-01 13:11:21'),
(48, '39021-bl2', '', 3, 1, 10, NULL, '2.00000', '2.00000', 'yes - available', '', NULL, NULL, '2001-06-23 00:00:00', 'c', 13, '4', 'D', NULL, NULL, 1, 51, '2012-08-01 13:11:21'),
(49, '39021-bl3', '', 3, 1, 10, NULL, '2.00000', '2.00000', 'yes - available', '', NULL, NULL, '2001-06-23 00:00:00', 'c', 13, '4', 'D', NULL, NULL, 1, 52, '2012-08-01 13:11:22'),
(47, '39021-bl1', '', 3, 1, 10, NULL, '2.00000', '2.00000', 'yes - available', '', NULL, NULL, '2001-06-23 00:00:00', 'c', 13, '1', 'B', NULL, NULL, 1, 53, '2012-08-01 13:14:22'),
(48, '39021-bl2', '', 3, 1, 10, NULL, '2.00000', '2.00000', 'yes - available', '', NULL, NULL, '2001-06-23 00:00:00', 'c', 13, '2', 'B', NULL, NULL, 1, 54, '2012-08-01 13:14:22'),
(49, '39021-bl3', '', 3, 1, 10, NULL, '2.00000', '2.00000', 'yes - available', '', NULL, NULL, '2001-06-23 00:00:00', 'c', 13, '3', 'B', NULL, NULL, 1, 55, '2012-08-01 13:14:23'),
(45, 'blpax 001', 'BLOOD P0002', 3, 5, 8, NULL, '12.00000', '12.00000', 'yes - available', '', NULL, NULL, '2008-08-06 12:45:00', 'c', 13, '1', 'C', NULL, NULL, 1, 56, '2012-08-01 13:14:23'),
(1, 'b1892', 'block 98893.1', 9, 2, 1, NULL, NULL, NULL, 'yes - available', '', NULL, 2, '2012-07-03 12:23:00', 'c', 30, '', '', NULL, NULL, 1, 57, '2012-08-01 13:32:09'),
(50, 'b1892.c1', '', 33, 2, 1, NULL, NULL, NULL, 'yes - available', '', NULL, 1, '2012-03-01 00:00:00', 'h', 20, '', '', NULL, NULL, 1, 58, '2012-08-01 13:32:09'),
(51, 'b1892.c2', '', 33, 2, 1, NULL, NULL, NULL, 'yes - available', '', NULL, 1, '2012-03-01 00:00:00', 'h', 20, '', '', NULL, NULL, 1, 59, '2012-08-01 13:32:10'),
(10, 'b18911', 'block 98893.10', 9, 2, 1, NULL, NULL, NULL, 'yes - available', '', NULL, 2, '2012-07-03 12:23:00', 'c', 30, '', '', NULL, NULL, 1, 60, '2012-08-01 13:32:11'),
(52, 'b18911.c3', '', 33, 2, 1, NULL, NULL, NULL, 'yes - available', '', NULL, 1, '2012-03-01 00:00:00', 'h', 20, '', '', NULL, NULL, 1, 61, '2012-08-01 13:32:11'),
(53, 'b18911.c4', '', 33, 2, 1, NULL, NULL, NULL, 'yes - available', '', NULL, 1, '2012-03-01 00:00:00', 'h', 20, '', '', NULL, NULL, 1, 62, '2012-08-01 13:32:12'),
(11, 'b18912', 'block 98893.11', 9, 2, 1, NULL, NULL, NULL, 'yes - available', '', NULL, 2, '2012-07-03 12:23:00', 'c', 30, '', '', NULL, NULL, 1, 63, '2012-08-01 13:32:13'),
(54, 'b18912.c5', '', 33, 2, 1, NULL, NULL, NULL, 'yes - available', '', NULL, 1, '2012-03-01 00:00:00', 'h', 20, '', '', NULL, NULL, 1, 64, '2012-08-01 13:32:14'),
(55, 'b18912.c6', '', 33, 2, 1, NULL, NULL, NULL, 'yes - available', '', NULL, 1, '2012-03-01 00:00:00', 'h', 20, '', '', NULL, NULL, 1, 65, '2012-08-01 13:32:15'),
(12, 'r43.1', 'HY678', 9, 3, 2, NULL, NULL, NULL, 'yes - available', '', NULL, NULL, '2010-03-01 00:00:00', 'h', 30, '', '', NULL, NULL, 1, 66, '2012-08-01 13:32:16'),
(56, 'r43.1.c7', '', 33, 3, 2, NULL, NULL, NULL, 'yes - available', '', NULL, 1, '2012-03-01 00:00:00', 'h', 20, '', '', NULL, NULL, 1, 67, '2012-08-01 13:32:16'),
(57, 'r43.1.c8', '', 33, 3, 2, NULL, NULL, NULL, 'yes - available', '', NULL, 1, '2012-03-01 00:00:00', 'h', 20, '', '', NULL, NULL, 1, 68, '2012-08-01 13:32:17'),
(13, 'r43.2', 'HY678', 9, 3, 2, NULL, NULL, NULL, 'yes - available', '', NULL, NULL, '2010-03-01 00:00:00', 'h', 30, '', '', NULL, NULL, 1, 69, '2012-08-01 13:32:18'),
(58, 'r43.2.c9', '', 33, 3, 2, NULL, NULL, NULL, 'yes - available', '', NULL, 1, '2012-03-01 00:00:00', 'h', 20, '', '', NULL, NULL, 1, 70, '2012-08-01 13:32:19'),
(59, 'r43.2.c10', '', 33, 3, 2, NULL, NULL, NULL, 'yes - available', '', NULL, 1, '2012-03-01 00:00:00', 'h', 20, '', '', NULL, NULL, 1, 71, '2012-08-01 13:32:20'),
(14, 'r43.3', 'HY678', 9, 3, 2, NULL, NULL, NULL, 'yes - available', '', NULL, NULL, '2010-03-01 00:00:00', 'h', 30, '', '', NULL, NULL, 1, 72, '2012-08-01 13:32:21'),
(60, 'r43.3.c11', '', 33, 3, 2, NULL, NULL, NULL, 'yes - available', '', NULL, 1, '2012-03-01 00:00:00', 'h', 20, '', '', NULL, NULL, 1, 73, '2012-08-01 13:32:21'),
(61, 'r43.3.c12', '', 33, 3, 2, NULL, NULL, NULL, 'yes - available', '', NULL, 1, '2012-03-01 00:00:00', 'h', 20, '', '', NULL, NULL, 1, 74, '2012-08-01 13:32:22'),
(2, 'b1893', 'block 98893.2', 9, 2, 1, NULL, NULL, NULL, 'yes - available', '', NULL, 2, '2012-07-03 12:23:00', 'c', 30, '', '', NULL, NULL, 1, 75, '2012-08-01 13:32:23'),
(62, 'b1893.c20', '', 33, 2, 1, NULL, NULL, NULL, 'yes - available', '', NULL, 1, '2012-03-01 00:00:00', 'h', 20, '', '', NULL, NULL, 1, 76, '2012-08-01 13:32:23'),
(63, 'b1893.c21', '', 33, 2, 1, NULL, NULL, NULL, 'yes - available', '', NULL, 1, '2012-03-01 00:00:00', 'h', 20, '', '', NULL, NULL, 1, 77, '2012-08-01 13:32:24'),
(3, 'b1894', 'block 98893.3', 9, 2, 1, NULL, NULL, NULL, 'yes - available', '', NULL, 2, '2012-07-03 12:23:00', 'c', 30, '', '', NULL, NULL, 1, 78, '2012-08-01 13:32:25'),
(64, 'b1894.c22', '', 33, 2, 1, NULL, NULL, NULL, 'yes - available', '', NULL, 1, '2012-03-01 00:00:00', 'h', 20, '', '', NULL, NULL, 1, 79, '2012-08-01 13:32:25'),
(65, 'b1894.c23', '', 33, 2, 1, NULL, NULL, NULL, 'yes - available', '', NULL, 1, '2012-03-01 00:00:00', 'h', 20, '', '', NULL, NULL, 1, 80, '2012-08-01 13:32:26'),
(4, 'b1895', 'block 98893.4', 9, 2, 1, NULL, NULL, NULL, 'yes - available', '', NULL, 2, '2012-07-03 12:23:00', 'c', 30, '', '', NULL, NULL, 1, 81, '2012-08-01 13:32:27'),
(66, 'b1895.c30', '', 33, 2, 1, NULL, NULL, NULL, 'yes - available', '', NULL, 1, '2012-03-01 00:00:00', 'h', 20, '', '', NULL, NULL, 1, 82, '2012-08-01 13:32:27'),
(67, 'b1895.c31', '', 33, 2, 1, NULL, NULL, NULL, 'yes - available', '', NULL, 1, '2012-03-01 00:00:00', 'h', 20, '', '', NULL, NULL, 1, 83, '2012-08-01 13:32:28'),
(40, 'blck55', 'BL MET 001', 9, 4, 7, NULL, NULL, NULL, 'yes - available', '', NULL, NULL, '2004-06-05 10:30:00', 'c', 30, '', '', NULL, NULL, 1, 84, '2012-08-01 13:32:30'),
(68, 'blck55.c35', '', 33, 4, 7, NULL, NULL, NULL, 'yes - available', '', NULL, 1, '2012-03-01 00:00:00', 'h', 20, '', '', NULL, NULL, 1, 85, '2012-08-01 13:32:30'),
(69, 'blck55.c36', '', 33, 4, 7, NULL, NULL, NULL, 'yes - available', '', NULL, 1, '2012-03-01 00:00:00', 'h', 20, '', '', NULL, NULL, 1, 86, '2012-08-01 13:32:31'),
(41, 'blck56', 'BL MET 001', 9, 4, 7, NULL, NULL, NULL, 'yes - available', '', NULL, NULL, '2004-06-05 10:30:00', 'c', 30, '', '', NULL, '', 1, 87, '2012-08-01 13:32:31'),
(70, 'blck56.c40', '', 33, 4, 7, NULL, NULL, NULL, 'yes - available', '', NULL, 1, '2012-03-01 00:00:00', 'h', 20, '', '', NULL, NULL, 1, 88, '2012-08-01 13:32:32'),
(71, 'blck56.c41', '', 33, 4, 7, NULL, NULL, NULL, 'yes - available', '', NULL, 1, '2012-03-01 00:00:00', 'h', 20, '', '', NULL, NULL, 1, 89, '2012-08-01 13:32:33'),
(5, 'b1896', 'block 98893.5', 9, 2, 1, NULL, NULL, NULL, 'yes - available', '', NULL, 2, '2012-07-03 12:23:00', 'c', 30, '', '', NULL, NULL, 1, 90, '2012-08-01 13:32:33'),
(72, 'b1896.c90', '', 33, 2, 1, NULL, NULL, NULL, 'yes - available', '', NULL, 1, '2012-03-01 00:00:00', 'h', 20, '', '', NULL, NULL, 1, 91, '2012-08-01 13:32:34'),
(6, 'b1897', 'block 98893.6', 9, 2, 1, NULL, NULL, NULL, 'yes - available', '', NULL, 2, '2012-07-03 12:23:00', 'c', 30, '', '', NULL, NULL, 1, 92, '2012-08-01 13:32:34'),
(73, 'b1897.c92', '', 33, 2, 1, NULL, NULL, NULL, 'yes - available', '', NULL, 1, '2012-03-01 00:00:00', 'h', 20, '', '', NULL, NULL, 1, 93, '2012-08-01 13:32:35'),
(7, 'b1898', 'block 98893.7', 9, 2, 1, NULL, NULL, NULL, 'yes - available', '', NULL, 2, '2012-07-03 12:23:00', 'c', 30, '', '', NULL, NULL, 1, 94, '2012-08-01 13:32:36'),
(74, 'b1898.c4', '', 33, 2, 1, NULL, NULL, NULL, 'yes - available', '', NULL, 1, '2012-03-01 00:00:00', 'h', 20, '', '', NULL, NULL, 1, 95, '2012-08-01 13:32:36'),
(8, 'b1899', 'block 98893.8', 9, 2, 1, NULL, NULL, NULL, 'yes - available', '', NULL, 2, '2012-07-03 12:23:00', 'c', 30, '', '', NULL, NULL, 1, 96, '2012-08-01 13:32:37'),
(75, 'b1899.c102', '', 33, 2, 1, NULL, NULL, NULL, 'yes - available', '', NULL, 1, '2012-03-01 00:00:00', 'h', 20, '', '', NULL, NULL, 1, 97, '2012-08-01 13:32:37'),
(9, 'b18910', 'block 98893.9', 9, 2, 1, NULL, NULL, NULL, 'yes - available', '', NULL, 2, '2012-07-03 12:23:00', 'c', 30, '', '', NULL, NULL, 1, 98, '2012-08-01 13:32:38'),
(76, 'b18910.c332', '', 33, 2, 1, NULL, NULL, NULL, 'yes - available', '', NULL, 1, '2012-03-01 00:00:00', 'h', 20, '', '', NULL, NULL, 1, 99, '2012-08-01 13:32:39'),
(50, 'b1892.c1', '', 33, 2, 1, NULL, NULL, NULL, 'yes - available', '', NULL, 1, '2012-03-01 00:00:00', 'h', 32, '', '', NULL, NULL, 1, 100, '2012-08-01 13:33:29'),
(51, 'b1892.c2', '', 33, 2, 1, NULL, NULL, NULL, 'yes - available', '', NULL, 1, '2012-03-01 00:00:00', 'h', 32, '', '', NULL, NULL, 1, 101, '2012-08-01 13:33:30'),
(52, 'b18911.c3', '', 33, 2, 1, NULL, NULL, NULL, 'yes - available', '', NULL, 1, '2012-03-01 00:00:00', 'h', 32, '', '', NULL, NULL, 1, 102, '2012-08-01 13:33:30'),
(53, 'b18911.c4', '', 33, 2, 1, NULL, NULL, NULL, 'yes - available', '', NULL, 1, '2012-03-01 00:00:00', 'h', 32, '', '', NULL, NULL, 1, 103, '2012-08-01 13:33:31'),
(54, 'b18912.c5', '', 33, 2, 1, NULL, NULL, NULL, 'yes - available', '', NULL, 1, '2012-03-01 00:00:00', 'h', 32, '', '', NULL, NULL, 1, 104, '2012-08-01 13:33:31'),
(55, 'b18912.c6', '', 33, 2, 1, NULL, NULL, NULL, 'yes - available', '', NULL, 1, '2012-03-01 00:00:00', 'h', 32, '', '', NULL, NULL, 1, 105, '2012-08-01 13:33:32'),
(62, 'b1893.c20', '', 33, 2, 1, NULL, NULL, NULL, 'yes - available', '', NULL, 1, '2012-03-01 00:00:00', 'h', 32, '', '', NULL, NULL, 1, 106, '2012-08-01 13:33:32'),
(63, 'b1893.c21', '', 33, 2, 1, NULL, NULL, NULL, 'yes - available', '', NULL, 1, '2012-03-01 00:00:00', 'h', 32, '', '', NULL, NULL, 1, 107, '2012-08-01 13:33:33'),
(64, 'b1894.c22', '', 33, 2, 1, NULL, NULL, NULL, 'yes - available', '', NULL, 1, '2012-03-01 00:00:00', 'h', 32, '', '', NULL, NULL, 1, 108, '2012-08-01 13:33:34'),
(65, 'b1894.c23', '', 33, 2, 1, NULL, NULL, NULL, 'yes - available', '', NULL, 1, '2012-03-01 00:00:00', 'h', 32, '', '', NULL, NULL, 1, 109, '2012-08-01 13:33:34'),
(66, 'b1895.c30', '', 33, 2, 1, NULL, NULL, NULL, 'yes - available', '', NULL, 1, '2012-03-01 00:00:00', 'h', 32, '', '', NULL, NULL, 1, 110, '2012-08-01 13:33:35'),
(67, 'b1895.c31', '', 33, 2, 1, NULL, NULL, NULL, 'yes - available', '', NULL, 1, '2012-03-01 00:00:00', 'h', 32, '', '', NULL, NULL, 1, 111, '2012-08-01 13:33:35'),
(72, 'b1896.c90', '', 33, 2, 1, NULL, NULL, NULL, 'yes - available', '', NULL, 1, '2012-03-01 00:00:00', 'h', 32, '', '', NULL, NULL, 1, 112, '2012-08-01 13:33:36'),
(73, 'b1897.c92', '', 33, 2, 1, NULL, NULL, NULL, 'yes - available', '', NULL, 1, '2012-03-01 00:00:00', 'h', 32, '', '', NULL, NULL, 1, 113, '2012-08-01 13:33:36'),
(74, 'b1898.c4', '', 33, 2, 1, NULL, NULL, NULL, 'yes - available', '', NULL, 1, '2012-03-01 00:00:00', 'h', 32, '', '', NULL, NULL, 1, 114, '2012-08-01 13:33:37'),
(75, 'b1899.c102', '', 33, 2, 1, NULL, NULL, NULL, 'yes - available', '', NULL, 1, '2012-03-01 00:00:00', 'h', 32, '', '', NULL, NULL, 1, 115, '2012-08-01 13:33:37'),
(76, 'b18910.c332', '', 33, 2, 1, NULL, NULL, NULL, 'yes - available', '', NULL, 1, '2012-03-01 00:00:00', 'h', 32, '', '', NULL, NULL, 1, 116, '2012-08-01 13:33:38'),
(56, 'r43.1.c7', '', 33, 3, 2, NULL, NULL, NULL, 'yes - available', '', NULL, 1, '2012-03-01 00:00:00', 'h', 32, '', '', NULL, NULL, 1, 117, '2012-08-01 13:33:39'),
(57, 'r43.1.c8', '', 33, 3, 2, NULL, NULL, NULL, 'yes - available', '', NULL, 1, '2012-03-01 00:00:00', 'h', 32, '', '', NULL, NULL, 1, 118, '2012-08-01 13:33:40'),
(58, 'r43.2.c9', '', 33, 3, 2, NULL, NULL, NULL, 'yes - available', '', NULL, 1, '2012-03-01 00:00:00', 'h', 32, '', '', NULL, NULL, 1, 119, '2012-08-01 13:33:40'),
(59, 'r43.2.c10', '', 33, 3, 2, NULL, NULL, NULL, 'yes - available', '', NULL, 1, '2012-03-01 00:00:00', 'h', 32, '', '', NULL, NULL, 1, 120, '2012-08-01 13:33:41'),
(60, 'r43.3.c11', '', 33, 3, 2, NULL, NULL, NULL, 'yes - available', '', NULL, 1, '2012-03-01 00:00:00', 'h', 32, '', '', NULL, NULL, 1, 121, '2012-08-01 13:33:41'),
(61, 'r43.3.c12', '', 33, 3, 2, NULL, NULL, NULL, 'yes - available', '', NULL, 1, '2012-03-01 00:00:00', 'h', 32, '', '', NULL, NULL, 1, 122, '2012-08-01 13:33:42'),
(68, 'blck55.c35', '', 33, 4, 7, NULL, NULL, NULL, 'yes - available', '', NULL, 1, '2012-03-01 00:00:00', 'h', 32, '', '', NULL, NULL, 1, 123, '2012-08-01 13:33:43'),
(69, 'blck55.c36', '', 33, 4, 7, NULL, NULL, NULL, 'yes - available', '', NULL, 1, '2012-03-01 00:00:00', 'h', 32, '', '', NULL, NULL, 1, 124, '2012-08-01 13:33:43'),
(70, 'blck56.c40', '', 33, 4, 7, NULL, NULL, NULL, 'yes - available', '', NULL, 1, '2012-03-01 00:00:00', 'h', 32, '', '', NULL, NULL, 1, 125, '2012-08-01 13:33:44'),
(71, 'blck56.c41', '', 33, 4, 7, NULL, NULL, NULL, 'yes - available', '', NULL, 1, '2012-03-01 00:00:00', 'h', 32, '', '', NULL, NULL, 1, 126, '2012-08-01 13:33:44'),
(50, 'b1892.c1', '', 33, 2, 1, NULL, NULL, NULL, 'yes - available', '', NULL, 1, '2012-03-01 00:00:00', 'h', 32, '8', '4', NULL, NULL, 1, 127, '2012-08-01 13:36:01'),
(51, 'b1892.c2', '', 33, 2, 1, NULL, NULL, NULL, 'yes - available', '', NULL, 1, '2012-03-01 00:00:00', 'h', 32, '7', '8', NULL, NULL, 1, 128, '2012-08-01 13:36:01'),
(52, 'b18911.c3', '', 33, 2, 1, NULL, NULL, NULL, 'yes - available', '', NULL, 1, '2012-03-01 00:00:00', 'h', 32, '7', '4', NULL, NULL, 1, 129, '2012-08-01 13:36:01'),
(53, 'b18911.c4', '', 33, 2, 1, NULL, NULL, NULL, 'yes - available', '', NULL, 1, '2012-03-01 00:00:00', 'h', 32, '9', '7', NULL, NULL, 1, 130, '2012-08-01 13:36:02'),
(54, 'b18912.c5', '', 33, 2, 1, NULL, NULL, NULL, 'yes - available', '', NULL, 1, '2012-03-01 00:00:00', 'h', 32, '9', '3', NULL, NULL, 1, 131, '2012-08-01 13:36:02'),
(55, 'b18912.c6', '', 33, 2, 1, NULL, NULL, NULL, 'yes - available', '', NULL, 1, '2012-03-01 00:00:00', 'h', 32, '7', '3', NULL, NULL, 1, 132, '2012-08-01 13:36:02'),
(62, 'b1893.c20', '', 33, 2, 1, NULL, NULL, NULL, 'yes - available', '', NULL, 1, '2012-03-01 00:00:00', 'h', 32, '4', '8', NULL, NULL, 1, 133, '2012-08-01 13:36:03'),
(63, 'b1893.c21', '', 33, 2, 1, NULL, NULL, NULL, 'yes - available', '', NULL, 1, '2012-03-01 00:00:00', 'h', 32, '8', '8', NULL, NULL, 1, 134, '2012-08-01 13:36:03'),
(64, 'b1894.c22', '', 33, 2, 1, NULL, NULL, NULL, 'yes - available', '', NULL, 1, '2012-03-01 00:00:00', 'h', 32, '8', '7', NULL, NULL, 1, 135, '2012-08-01 13:36:04'),
(65, 'b1894.c23', '', 33, 2, 1, NULL, NULL, NULL, 'yes - available', '', NULL, 1, '2012-03-01 00:00:00', 'h', 32, '4', '7', NULL, NULL, 1, 136, '2012-08-01 13:36:04'),
(66, 'b1895.c30', '', 33, 2, 1, NULL, NULL, NULL, 'yes - available', '', NULL, 1, '2012-03-01 00:00:00', 'h', 32, '9', '4', NULL, NULL, 1, 137, '2012-08-01 13:36:04'),
(67, 'b1895.c31', '', 33, 2, 1, NULL, NULL, NULL, 'yes - available', '', NULL, 1, '2012-03-01 00:00:00', 'h', 32, '3', '8', NULL, NULL, 1, 138, '2012-08-01 13:36:05'),
(72, 'b1896.c90', '', 33, 2, 1, NULL, NULL, NULL, 'yes - available', '', NULL, 1, '2012-03-01 00:00:00', 'h', 32, '7', '7', NULL, NULL, 1, 139, '2012-08-01 13:36:05'),
(73, 'b1897.c92', '', 33, 2, 1, NULL, NULL, NULL, 'yes - available', '', NULL, 1, '2012-03-01 00:00:00', 'h', 32, '8', '2', NULL, NULL, 1, 140, '2012-08-01 13:36:05'),
(74, 'b1898.c4', '', 33, 2, 1, NULL, NULL, NULL, 'yes - available', '', NULL, 1, '2012-03-01 00:00:00', 'h', 32, '9', '2', NULL, NULL, 1, 141, '2012-08-01 13:36:06'),
(75, 'b1899.c102', '', 33, 2, 1, NULL, NULL, NULL, 'yes - available', '', NULL, 1, '2012-03-01 00:00:00', 'h', 32, '3', '7', NULL, NULL, 1, 142, '2012-08-01 13:36:06'),
(76, 'b18910.c332', '', 33, 2, 1, NULL, NULL, NULL, 'yes - available', '', NULL, 1, '2012-03-01 00:00:00', 'h', 32, '2', '8', NULL, NULL, 1, 143, '2012-08-01 13:36:06'),
(56, 'r43.1.c7', '', 33, 3, 2, NULL, NULL, NULL, 'yes - available', '', NULL, 1, '2012-03-01 00:00:00', 'h', 32, '2', '7', NULL, NULL, 1, 144, '2012-08-01 13:36:07'),
(57, 'r43.1.c8', '', 33, 3, 2, NULL, NULL, NULL, 'yes - available', '', NULL, 1, '2012-03-01 00:00:00', 'h', 32, '7', '2', NULL, NULL, 1, 145, '2012-08-01 13:36:07'),
(58, 'r43.2.c9', '', 33, 3, 2, NULL, NULL, NULL, 'yes - available', '', NULL, 1, '2012-03-01 00:00:00', 'h', 32, '4', '4', NULL, NULL, 1, 146, '2012-08-01 13:36:07'),
(59, 'r43.2.c10', '', 33, 3, 2, NULL, NULL, NULL, 'yes - available', '', NULL, 1, '2012-03-01 00:00:00', 'h', 32, '2', '4', NULL, NULL, 1, 147, '2012-08-01 13:36:08'),
(60, 'r43.3.c11', '', 33, 3, 2, NULL, NULL, NULL, 'yes - available', '', NULL, 1, '2012-03-01 00:00:00', 'h', 32, '3', '4', NULL, NULL, 1, 148, '2012-08-01 13:36:08'),
(61, 'r43.3.c12', '', 33, 3, 2, NULL, NULL, NULL, 'yes - available', '', NULL, 1, '2012-03-01 00:00:00', 'h', 32, '4', '3', NULL, NULL, 1, 149, '2012-08-01 13:36:09'),
(68, 'blck55.c35', '', 33, 4, 7, NULL, NULL, NULL, 'yes - available', '', NULL, 1, '2012-03-01 00:00:00', 'h', 32, '3', '2', NULL, NULL, 1, 150, '2012-08-01 13:36:09'),
(69, 'blck55.c36', '', 33, 4, 7, NULL, NULL, NULL, 'yes - available', '', NULL, 1, '2012-03-01 00:00:00', 'h', 32, '4', '2', NULL, NULL, 1, 151, '2012-08-01 13:36:09'),
(70, 'blck56.c40', '', 33, 4, 7, NULL, NULL, NULL, 'yes - available', '', NULL, 1, '2012-03-01 00:00:00', 'h', 32, '2', '3', NULL, NULL, 1, 152, '2012-08-01 13:36:10'),
(71, 'blck56.c41', '', 33, 4, 7, NULL, NULL, NULL, 'yes - available', '', NULL, 1, '2012-03-01 00:00:00', 'h', 32, '2', '2', NULL, NULL, 1, 153, '2012-08-01 13:36:11'),
(41, 'blck56', 'BL MET 001', 9, 4, 7, NULL, NULL, NULL, 'yes - available', '', NULL, NULL, '2004-06-05 10:30:00', 'c', 30, '', '', NULL, '', 1, 154, '2012-08-01 13:43:34'),
(77, 'sl-tma1', '', 10, 4, 7, NULL, NULL, NULL, 'yes - available', '', NULL, NULL, '2012-08-01 13:42:00', 'c', 20, '', '', NULL, NULL, 1, 155, '2012-08-01 13:43:34'),
(14, 'r43.3', 'HY678', 9, 3, 2, NULL, NULL, NULL, 'yes - available', '', NULL, NULL, '2010-03-01 00:00:00', 'h', 30, '', '', NULL, NULL, 1, 156, '2012-08-01 13:43:35'),
(78, 'sl-tma2', '', 10, 3, 2, NULL, NULL, NULL, 'yes - available', '', NULL, NULL, '2012-08-01 13:42:00', 'c', 20, '', '', NULL, NULL, 1, 157, '2012-08-01 13:43:35'),
(10, 'b18911', 'block 98893.10', 9, 2, 1, NULL, NULL, NULL, 'yes - available', '', NULL, 2, '2012-07-03 12:23:00', 'c', 30, '', '', NULL, NULL, 1, 158, '2012-08-01 13:43:36'),
(79, 'sl-tma3', '', 10, 2, 1, NULL, NULL, NULL, 'yes - available', '', NULL, NULL, '2012-08-01 13:42:00', 'c', 20, '', '', NULL, NULL, 1, 159, '2012-08-01 13:43:37'),
(1, 'b1892', 'block 98893.1', 9, 2, 1, NULL, NULL, NULL, 'yes - available', '', NULL, 2, '2012-07-03 12:23:00', 'c', 30, '', '', NULL, NULL, 1, 160, '2012-08-01 13:45:37'),
(1, 'b1892', 'block 98893.1', 9, 2, 1, NULL, NULL, NULL, 'yes - available', '', 3, 2, '2012-07-03 12:23:00', 'c', 30, '', '', NULL, NULL, 1, 161, '2012-08-01 13:45:38'),
(12, 'r43.1', 'HY678', 9, 3, 2, NULL, NULL, NULL, 'yes - available', '', NULL, NULL, '2010-03-01 00:00:00', 'h', 30, '', '', NULL, NULL, 1, 162, '2012-08-01 13:45:39'),
(12, 'r43.1', 'HY678', 9, 3, 2, NULL, NULL, NULL, 'yes - available', '', 3, NULL, '2010-03-01 00:00:00', 'h', 30, '', '', NULL, NULL, 1, 163, '2012-08-01 13:45:39'),
(2, 'b1893', 'block 98893.2', 9, 2, 1, NULL, NULL, NULL, 'yes - available', '', NULL, 2, '2012-07-03 12:23:00', 'c', 30, '', '', NULL, NULL, 1, 164, '2012-08-01 13:45:40'),
(2, 'b1893', 'block 98893.2', 9, 2, 1, NULL, NULL, NULL, 'yes - available', '', 3, 2, '2012-07-03 12:23:00', 'c', 30, '', '', NULL, NULL, 1, 165, '2012-08-01 13:45:40'),
(40, 'blck55', 'BL MET 001', 9, 4, 7, NULL, NULL, NULL, 'yes - available', '', NULL, NULL, '2004-06-05 10:30:00', 'c', 30, '', '', NULL, NULL, 1, 166, '2012-08-01 13:45:41'),
(40, 'blck55', 'BL MET 001', 9, 4, 7, NULL, NULL, NULL, 'yes - available', '', 3, NULL, '2004-06-05 10:30:00', 'c', 30, '', '', NULL, NULL, 1, 167, '2012-08-01 13:45:41'),
(7, 'b1898', 'block 98893.7', 9, 2, 1, NULL, NULL, NULL, 'yes - available', '', NULL, 2, '2012-07-03 12:23:00', 'c', 30, '', '', NULL, NULL, 1, 168, '2012-08-01 13:45:42'),
(7, 'b1898', 'block 98893.7', 9, 2, 1, NULL, NULL, NULL, 'yes - available', '', 2, 2, '2012-07-03 12:23:00', 'c', 30, '', '', NULL, NULL, 1, 169, '2012-08-01 13:45:43'),
(80, 'QP98893.d1', '', 29, 2, 11, NULL, '2.00000', '2.00000', 'yes - available', '', NULL, NULL, '2012-08-01 17:46:00', 'c', 11, '', '', NULL, NULL, 1, 170, '2012-08-01 13:49:06'),
(81, 'QP98893.d2', '', 29, 2, 11, NULL, '2.00000', '2.00000', 'yes - available', '', NULL, NULL, '2012-08-01 17:46:00', 'c', 11, '', '', NULL, NULL, 1, 171, '2012-08-01 13:49:07'),
(82, 'QP98893.d3', '', 29, 2, 11, NULL, '2.00000', '2.00000', 'yes - available', '', NULL, NULL, '2012-08-01 17:46:00', 'c', 11, '', '', NULL, NULL, 1, 172, '2012-08-01 13:49:07'),
(83, 'QP98893.d4', '', 29, 2, 11, NULL, '2.00000', '2.00000', 'yes - available', '', NULL, NULL, '2012-08-01 17:46:00', 'c', 11, '', '', NULL, NULL, 1, 173, '2012-08-01 13:49:08'),
(84, 'QP98893.d5', '', 29, 2, 11, NULL, '2.00000', '2.00000', 'yes - available', '', NULL, NULL, '2012-08-01 17:46:00', 'c', 11, '', '', NULL, NULL, 1, 174, '2012-08-01 13:49:08'),
(85, 'QP98893.d6', '', 29, 2, 13, NULL, '2.00000', '2.00000', 'yes - available', '', NULL, NULL, '2012-08-01 17:46:00', 'c', 11, '', '', NULL, NULL, 1, 175, '2012-08-01 13:49:09'),
(86, 'QP98893.d7', '', 29, 2, 13, NULL, '2.00000', '2.00000', 'yes - available', '', NULL, NULL, '2012-08-01 17:46:00', 'c', 11, '', '', NULL, NULL, 1, 176, '2012-08-01 13:49:09'),
(87, 'QP98893.d8', '', 29, 2, 13, NULL, '2.00000', '2.00000', 'yes - available', '', NULL, NULL, '2012-08-01 17:46:00', 'c', 11, '', '', NULL, NULL, 1, 177, '2012-08-01 13:49:10'),
(88, 'QP98893.d9', '', 29, 2, 13, NULL, '2.00000', '2.00000', 'yes - available', '', NULL, NULL, '2012-08-01 17:46:00', 'c', 11, '', '', NULL, NULL, 1, 178, '2012-08-01 13:49:10'),
(89, 'QP98893.d0', '', 29, 2, 13, NULL, '2.00000', '2.00000', 'yes - available', '', NULL, NULL, '2012-08-01 17:46:00', 'c', 11, '', '', NULL, NULL, 1, 179, '2012-08-01 13:49:11'),
(90, 'QP98893.d21', '', 29, 2, 15, NULL, '2.00000', '2.00000', 'yes - available', '', NULL, NULL, '2012-08-01 17:46:00', 'c', 11, '', '', NULL, NULL, 1, 180, '2012-08-01 13:49:11'),
(91, 'QP98893.d22', '', 29, 2, 15, NULL, '2.00000', '2.00000', 'yes - available', '', NULL, NULL, '2012-08-01 17:46:00', 'c', 11, '', '', NULL, NULL, 1, 181, '2012-08-01 13:49:11'),
(92, 'QP98893.d23', '', 29, 2, 15, NULL, '2.00000', '2.00000', 'yes - available', '', NULL, NULL, '2012-08-01 17:46:00', 'c', 11, '', '', NULL, NULL, 1, 182, '2012-08-01 13:49:12'),
(93, 'QP98893.d24', '', 29, 2, 15, NULL, '2.00000', '2.00000', 'yes - available', '', NULL, NULL, '2012-08-01 17:46:00', 'c', 11, '', '', NULL, NULL, 1, 183, '2012-08-01 13:49:13'),
(94, 'QP98893.d25', '', 29, 2, 15, NULL, '2.00000', '2.00000', 'yes - available', '', NULL, NULL, '2012-08-01 17:46:00', 'c', 11, '', '', NULL, NULL, 1, 184, '2012-08-01 13:49:13'),
(95, 'QP9387.d1', '', 29, 3, 12, NULL, '2.00000', '2.00000', 'yes - available', '', NULL, NULL, '2012-08-01 17:46:00', 'c', 11, '', '', NULL, NULL, 1, 185, '2012-08-01 13:49:14'),
(96, 'QP9387.d2', '', 29, 3, 12, NULL, '2.00000', '2.00000', 'yes - available', '', NULL, NULL, '2012-08-01 17:46:00', 'c', 11, '', '', NULL, NULL, 1, 186, '2012-08-01 13:49:14'),
(97, 'QP9387.d3', '', 29, 3, 12, NULL, '2.00000', '2.00000', 'yes - available', '', NULL, NULL, '2012-08-01 17:46:00', 'c', 11, '', '', NULL, NULL, 1, 187, '2012-08-01 13:49:15'),
(98, 'QP9387.d4', '', 29, 3, 12, NULL, '1.00000', '1.00000', 'yes - available', '', NULL, NULL, '2012-08-01 17:46:00', 'c', 11, '', '', NULL, NULL, 1, 188, '2012-08-01 13:49:16'),
(99, 'MET001.d1', '', 29, 4, 14, NULL, '2.00000', '2.00000', 'yes - available', '', NULL, NULL, '2012-08-01 17:46:00', 'c', 11, '', '', NULL, NULL, 1, 189, '2012-08-01 13:49:16'),
(100, 'MET001.d2', '', 29, 4, 14, NULL, '2.00000', '2.00000', 'yes - available', '', NULL, NULL, '2012-08-01 17:46:00', 'c', 11, '', '', NULL, NULL, 1, 190, '2012-08-01 13:49:17'),
(80, 'QP98893.d1', '', 29, 2, 11, NULL, '2.00000', '2.00000', 'yes - available', '', NULL, NULL, '2012-08-01 17:46:00', 'c', 11, '', '', NULL, NULL, 1, 191, '2012-08-01 13:53:59'),
(87, 'QP98893.d8', '', 29, 2, 13, NULL, '2.00000', '2.00000', 'yes - available', '', NULL, NULL, '2012-08-01 17:46:00', 'c', 11, '', '', NULL, NULL, 1, 192, '2012-08-01 13:53:59'),
(91, 'QP98893.d22', '', 29, 2, 15, NULL, '2.00000', '2.00000', 'yes - available', '', NULL, NULL, '2012-08-01 17:46:00', 'c', 11, '', '', NULL, NULL, 1, 193, '2012-08-01 13:53:59'),
(96, 'QP9387.d2', '', 29, 3, 12, NULL, '2.00000', '2.00000', 'yes - available', '', NULL, NULL, '2012-08-01 17:46:00', 'c', 11, '', '', NULL, NULL, 1, 194, '2012-08-01 13:53:59'),
(99, 'MET001.d1', '', 29, 4, 14, NULL, '2.00000', '2.00000', 'yes - available', '', NULL, NULL, '2012-08-01 17:46:00', 'c', 11, '', '', NULL, NULL, 1, 195, '2012-08-01 13:53:59'),
(80, 'QP98893.d1', '', 29, 2, 11, NULL, '2.00000', '1.70000', 'yes - available', '', 1, NULL, '2012-08-01 17:46:00', 'c', 11, '', '', NULL, NULL, 1, 196, '2012-08-01 13:53:59'),
(87, 'QP98893.d8', '', 29, 2, 13, NULL, '2.00000', '1.70000', 'yes - available', '', 1, NULL, '2012-08-01 17:46:00', 'c', 11, '', '', NULL, NULL, 1, 197, '2012-08-01 13:54:00'),
(91, 'QP98893.d22', '', 29, 2, 15, NULL, '2.00000', '1.70000', 'yes - available', '', 1, NULL, '2012-08-01 17:46:00', 'c', 11, '', '', NULL, NULL, 1, 198, '2012-08-01 13:54:00'),
(96, 'QP9387.d2', '', 29, 3, 12, NULL, '2.00000', '1.70000', 'yes - available', '', 1, NULL, '2012-08-01 17:46:00', 'c', 11, '', '', NULL, NULL, 1, 199, '2012-08-01 13:54:01'),
(99, 'MET001.d1', '', 29, 4, 14, NULL, '2.00000', '1.70000', 'yes - available', '', 1, NULL, '2012-08-01 17:46:00', 'c', 11, '', '', NULL, NULL, 1, 200, '2012-08-01 13:54:01'),
(80, 'QP98893.d1', '', 29, 2, 11, NULL, '2.00000', '1.70000', 'yes - available', '', 1, NULL, '2012-08-01 17:46:00', 'c', 11, '', '', NULL, NULL, 1, 201, '2012-08-01 13:55:57'),
(101, 'TT902.5', '', 29, 2, 11, NULL, '1.00000', '1.00000', 'yes - available', '', NULL, 1, '2012-08-03 07:51:00', 'c', NULL, '', '', NULL, NULL, 1, 202, '2012-08-01 13:55:57'),
(80, 'QP98893.d1', '', 29, 2, 11, NULL, '2.00000', '0.70000', 'yes - available', '', 2, NULL, '2012-08-01 17:46:00', 'c', 11, '', '', NULL, NULL, 1, 203, '2012-08-01 13:55:58'),
(87, 'QP98893.d8', '', 29, 2, 13, NULL, '2.00000', '1.70000', 'yes - available', '', 1, NULL, '2012-08-01 17:46:00', 'c', 11, '', '', NULL, NULL, 1, 204, '2012-08-01 13:55:59'),
(102, 'TT902.4', '', 29, 2, 13, NULL, '1.00000', '1.00000', 'yes - available', '', NULL, 1, '2012-08-03 07:51:00', 'c', NULL, '', '', NULL, NULL, 1, 205, '2012-08-01 13:55:59'),
(87, 'QP98893.d8', '', 29, 2, 13, NULL, '2.00000', '0.70000', 'yes - available', '', 2, NULL, '2012-08-01 17:46:00', 'c', 11, '', '', NULL, NULL, 1, 206, '2012-08-01 13:56:00'),
(91, 'QP98893.d22', '', 29, 2, 15, NULL, '2.00000', '1.70000', 'yes - available', '', 1, NULL, '2012-08-01 17:46:00', 'c', 11, '', '', NULL, NULL, 1, 207, '2012-08-01 13:56:00'),
(103, 'TT902.3', '', 29, 2, 15, NULL, '1.00000', '1.00000', 'yes - available', '', NULL, 1, '2012-08-03 07:51:00', 'c', NULL, '', '', NULL, NULL, 1, 208, '2012-08-01 13:56:01'),
(91, 'QP98893.d22', '', 29, 2, 15, NULL, '2.00000', '0.70000', 'yes - available', '', 2, NULL, '2012-08-01 17:46:00', 'c', 11, '', '', NULL, NULL, 1, 209, '2012-08-01 13:56:01'),
(96, 'QP9387.d2', '', 29, 3, 12, NULL, '2.00000', '1.70000', 'yes - available', '', 1, NULL, '2012-08-01 17:46:00', 'c', 11, '', '', NULL, NULL, 1, 210, '2012-08-01 13:56:02'),
(104, 'TT902.2', '', 29, 3, 12, NULL, '1.00000', '1.00000', 'yes - available', '', NULL, 1, '2012-08-03 07:51:00', 'c', NULL, '', '', NULL, NULL, 1, 211, '2012-08-01 13:56:02'),
(96, 'QP9387.d2', '', 29, 3, 12, NULL, '2.00000', '0.70000', 'yes - available', '', 2, NULL, '2012-08-01 17:46:00', 'c', 11, '', '', NULL, NULL, 1, 212, '2012-08-01 13:56:03'),
(99, 'MET001.d1', '', 29, 4, 14, NULL, '2.00000', '1.70000', 'yes - available', '', 1, NULL, '2012-08-01 17:46:00', 'c', 11, '', '', NULL, NULL, 1, 213, '2012-08-01 13:56:03'),
(105, 'TT902.1', '', 29, 4, 14, NULL, '1.00000', '1.00000', 'yes - available', '', NULL, 1, '2012-08-03 07:51:00', 'c', NULL, '', '', NULL, NULL, 1, 214, '2012-08-01 13:56:04'),
(99, 'MET001.d1', '', 29, 4, 14, NULL, '2.00000', '0.70000', 'yes - available', '', 2, NULL, '2012-08-01 17:46:00', 'c', 11, '', '', NULL, NULL, 1, 215, '2012-08-01 13:56:04'),
(101, 'TT902.5', '', 29, 2, 11, NULL, '1.00000', '1.00000', 'yes - not available', 'reserved for order', NULL, 1, '2012-08-03 07:51:00', 'c', NULL, '', '', NULL, NULL, 1, 216, '2012-08-01 13:58:05'),
(102, 'TT902.4', '', 29, 2, 13, NULL, '1.00000', '1.00000', 'yes - not available', 'reserved for order', NULL, 1, '2012-08-03 07:51:00', 'c', NULL, '', '', NULL, NULL, 1, 217, '2012-08-01 13:58:06'),
(103, 'TT902.3', '', 29, 2, 15, NULL, '1.00000', '1.00000', 'yes - not available', 'reserved for order', NULL, 1, '2012-08-03 07:51:00', 'c', NULL, '', '', NULL, NULL, 1, 218, '2012-08-01 13:58:07'),
(104, 'TT902.2', '', 29, 3, 12, NULL, '1.00000', '1.00000', 'yes - not available', 'reserved for order', NULL, 1, '2012-08-03 07:51:00', 'c', NULL, '', '', NULL, NULL, 1, 219, '2012-08-01 13:58:08'),
(105, 'TT902.1', '', 29, 4, 14, NULL, '1.00000', '1.00000', 'yes - not available', 'reserved for order', NULL, 1, '2012-08-03 07:51:00', 'c', NULL, '', '', NULL, NULL, 1, 220, '2012-08-01 13:58:09'),
(101, 'TT902.5', '', 29, 2, 11, NULL, '1.00000', '1.00000', 'no', 'shipped', NULL, 1, '2012-08-03 07:51:00', 'c', NULL, '', '', NULL, NULL, 1, 221, '2012-08-01 13:59:42'),
(101, 'TT902.5', '', 29, 2, 11, NULL, '1.00000', '1.00000', 'no', 'shipped', 1, 1, '2012-08-03 07:51:00', 'c', NULL, '', '', NULL, NULL, 1, 222, '2012-08-01 13:59:43'),
(102, 'TT902.4', '', 29, 2, 13, NULL, '1.00000', '1.00000', 'no', 'shipped', NULL, 1, '2012-08-03 07:51:00', 'c', NULL, '', '', NULL, NULL, 1, 223, '2012-08-01 13:59:44'),
(102, 'TT902.4', '', 29, 2, 13, NULL, '1.00000', '1.00000', 'no', 'shipped', 1, 1, '2012-08-03 07:51:00', 'c', NULL, '', '', NULL, NULL, 1, 224, '2012-08-01 13:59:44'),
(103, 'TT902.3', '', 29, 2, 15, NULL, '1.00000', '1.00000', 'no', 'shipped', NULL, 1, '2012-08-03 07:51:00', 'c', NULL, '', '', NULL, NULL, 1, 225, '2012-08-01 13:59:44'),
(103, 'TT902.3', '', 29, 2, 15, NULL, '1.00000', '1.00000', 'no', 'shipped', 1, 1, '2012-08-03 07:51:00', 'c', NULL, '', '', NULL, NULL, 1, 226, '2012-08-01 13:59:45'),
(104, 'TT902.2', '', 29, 3, 12, NULL, '1.00000', '1.00000', 'no', 'shipped', NULL, 1, '2012-08-03 07:51:00', 'c', NULL, '', '', NULL, NULL, 1, 227, '2012-08-01 13:59:45'),
(104, 'TT902.2', '', 29, 3, 12, NULL, '1.00000', '1.00000', 'no', 'shipped', 1, 1, '2012-08-03 07:51:00', 'c', NULL, '', '', NULL, NULL, 1, 228, '2012-08-01 13:59:46'),
(105, 'TT902.1', '', 29, 4, 14, NULL, '1.00000', '1.00000', 'no', 'shipped', NULL, 1, '2012-08-03 07:51:00', 'c', NULL, '', '', NULL, NULL, 1, 229, '2012-08-01 13:59:46'),
(105, 'TT902.1', '', 29, 4, 14, NULL, '1.00000', '1.00000', 'no', 'shipped', 1, 1, '2012-08-03 07:51:00', 'c', NULL, '', '', NULL, NULL, 1, 230, '2012-08-01 13:59:47'),
(13, 'r43.2', 'HY678', 9, 3, 2, NULL, NULL, NULL, 'yes - available', '', NULL, NULL, '2010-03-01 00:00:00', 'h', 30, '', '', NULL, NULL, 1, 231, '2012-08-02 19:45:49'),
(104, 'TT902.2', '', 29, 3, 12, NULL, '1.00000', '1.00000', 'no', 'shipped', 1, 1, '2012-08-03 07:51:00', 'c', NULL, '', '', NULL, NULL, 1, 232, '2012-08-02 19:47:51'),
(80, 'QP98893.d1', '', 29, 2, 11, NULL, '2.00000', '0.70000', 'yes - available', '', 2, NULL, '2012-08-01 17:46:00', 'c', 11, '9', 'C', NULL, NULL, 1, 233, '2012-08-02 19:54:25'),
(81, 'QP98893.d2', '', 29, 2, 11, NULL, '2.00000', '2.00000', 'yes - available', '', NULL, NULL, '2012-08-01 17:46:00', 'c', 11, '7', 'C', NULL, NULL, 1, 234, '2012-08-02 19:54:25'),
(82, 'QP98893.d3', '', 29, 2, 11, NULL, '2.00000', '2.00000', 'yes - available', '', NULL, NULL, '2012-08-01 17:46:00', 'c', 11, '2', 'B', NULL, NULL, 1, 235, '2012-08-02 19:54:25'),
(83, 'QP98893.d4', '', 29, 2, 11, NULL, '2.00000', '2.00000', 'yes - available', '', NULL, NULL, '2012-08-01 17:46:00', 'c', 11, '8', 'C', NULL, NULL, 1, 236, '2012-08-02 19:54:26'),
(84, 'QP98893.d5', '', 29, 2, 11, NULL, '2.00000', '2.00000', 'yes - available', '', NULL, NULL, '2012-08-01 17:46:00', 'c', 11, '3', 'B', NULL, NULL, 1, 237, '2012-08-02 19:54:26'),
(85, 'QP98893.d6', '', 29, 2, 13, NULL, '2.00000', '2.00000', 'yes - available', '', NULL, NULL, '2012-08-01 17:46:00', 'c', 11, '4', 'B', NULL, NULL, 1, 238, '2012-08-02 19:54:26'),
(86, 'QP98893.d7', '', 29, 2, 13, NULL, '2.00000', '2.00000', 'yes - available', '', NULL, NULL, '2012-08-01 17:46:00', 'c', 11, '5', 'B', NULL, NULL, 1, 239, '2012-08-02 19:54:27'),
(87, 'QP98893.d8', '', 29, 2, 13, NULL, '2.00000', '0.70000', 'yes - available', '', 2, NULL, '2012-08-01 17:46:00', 'c', 11, '5', 'A', NULL, NULL, 1, 240, '2012-08-02 19:54:27'),
(88, 'QP98893.d9', '', 29, 2, 13, NULL, '2.00000', '2.00000', 'yes - available', '', NULL, NULL, '2012-08-01 17:46:00', 'c', 11, '6', 'B', NULL, NULL, 1, 241, '2012-08-02 19:54:28'),
(89, 'QP98893.d0', '', 29, 2, 13, NULL, '2.00000', '2.00000', 'yes - available', '', NULL, NULL, '2012-08-01 17:46:00', 'c', 11, '7', 'B', NULL, NULL, 1, 242, '2012-08-02 19:54:28'),
(90, 'QP98893.d21', '', 29, 2, 15, NULL, '2.00000', '2.00000', 'yes - available', '', NULL, NULL, '2012-08-01 17:46:00', 'c', 11, '7', 'A', NULL, NULL, 1, 243, '2012-08-02 19:54:28'),
(91, 'QP98893.d22', '', 29, 2, 15, NULL, '2.00000', '0.70000', 'yes - available', '', 2, NULL, '2012-08-01 17:46:00', 'c', 11, '8', 'B', NULL, NULL, 1, 244, '2012-08-02 19:54:29'),
(92, 'QP98893.d23', '', 29, 2, 15, NULL, '2.00000', '2.00000', 'yes - available', '', NULL, NULL, '2012-08-01 17:46:00', 'c', 11, '9', 'B', NULL, NULL, 1, 245, '2012-08-02 19:54:29'),
(93, 'QP98893.d24', '', 29, 2, 15, NULL, '2.00000', '2.00000', 'yes - available', '', NULL, NULL, '2012-08-01 17:46:00', 'c', 11, '9', 'A', NULL, NULL, 1, 246, '2012-08-02 19:54:29'),
(94, 'QP98893.d25', '', 29, 2, 15, NULL, '2.00000', '2.00000', 'yes - available', '', NULL, NULL, '2012-08-01 17:46:00', 'c', 11, '8', 'A', NULL, NULL, 1, 247, '2012-08-02 19:54:30'),
(95, 'QP9387.d1', '', 29, 3, 12, NULL, '2.00000', '2.00000', 'yes - available', '', NULL, NULL, '2012-08-01 17:46:00', 'c', 11, '6', 'A', NULL, NULL, 1, 248, '2012-08-02 19:54:30'),
(96, 'QP9387.d2', '', 29, 3, 12, NULL, '2.00000', '0.70000', 'yes - available', '', 2, NULL, '2012-08-01 17:46:00', 'c', 11, '4', 'A', NULL, NULL, 1, 249, '2012-08-02 19:54:30'),
(97, 'QP9387.d3', '', 29, 3, 12, NULL, '2.00000', '2.00000', 'yes - available', '', NULL, NULL, '2012-08-01 17:46:00', 'c', 11, '1', 'B', NULL, NULL, 1, 250, '2012-08-02 19:54:31'),
(98, 'QP9387.d4', '', 29, 3, 12, NULL, '1.00000', '1.00000', 'yes - available', '', NULL, NULL, '2012-08-01 17:46:00', 'c', 11, '3', 'A', NULL, NULL, 1, 251, '2012-08-02 19:54:31'),
(99, 'MET001.d1', '', 29, 4, 14, NULL, '2.00000', '0.70000', 'yes - available', '', 2, NULL, '2012-08-01 17:46:00', 'c', 11, '1', 'A', NULL, NULL, 1, 252, '2012-08-02 19:54:32'),
(100, 'MET001.d2', '', 29, 4, 14, NULL, '2.00000', '2.00000', 'yes - available', '', NULL, NULL, '2012-08-01 17:46:00', 'c', 11, '2', 'A', NULL, NULL, 1, 253, '2012-08-02 19:54:32'),
(97, 'QP9387.d3', '', 29, 3, 12, NULL, '2.00000', '2.00000', 'yes - available', '', NULL, NULL, '2012-08-01 17:46:00', 'c', 11, '1', 'B', NULL, NULL, 1, 254, '2012-08-02 19:55:29'),
(97, 'QP9387.d3', '', 29, 3, 12, NULL, '2.00000', '2.00000', 'yes - available', '', 1, NULL, '2012-08-01 17:46:00', 'c', 11, '1', 'B', NULL, NULL, 1, 255, '2012-08-02 19:55:30');

INSERT INTO `banks` (`id`, `name`, `description`, `misc_identifier_control_id`, `created_by`, `created`, `modified_by`, `modified`, `deleted`) VALUES
(2, 'Prostate', '', NULL, 1, '2012-07-31 19:00:44', 1, '2012-07-31 19:28:19', 0),
(3, 'Breast', '', NULL, 1, '2012-07-31 19:28:31', 1, '2012-07-31 19:28:31', 0);

INSERT INTO `banks_revs` (`id`, `name`, `description`, `misc_identifier_control_id`, `modified_by`, `version_id`, `version_created`) VALUES
(2, 'Prostate', '', NULL, 1, 1, '2012-07-31 19:00:44'),
(2, 'Prostate', '', NULL, 1, 2, '2012-07-31 19:03:20'),
(2, 'Prostate', '', NULL, 1, 3, '2012-07-31 19:03:44'),
(2, 'Prostate', '', NULL, 1, 4, '2012-07-31 19:07:29'),
(2, 'Prostate', '', NULL, 1, 5, '2012-07-31 19:21:02'),
(2, 'Prostate2', '', NULL, 1, 6, '2012-07-31 19:27:38'),
(2, 'Prostate', '', NULL, 1, 7, '2012-07-31 19:28:19'),
(3, 'Breast', '', NULL, 1, 8, '2012-07-31 19:28:31');

INSERT INTO `cd_nationals` (`consent_master_id`) VALUES
(1),
(2),
(3);

INSERT INTO `cd_nationals_revs` (`consent_master_id`, `version_id`, `version_created`) VALUES
(1, 1, '2012-07-31 15:18:23'),
(2, 2, '2012-07-31 18:25:22'),
(3, 3, '2012-08-01 13:20:04');

INSERT INTO `collections` (`id`, `acquisition_label`, `bank_id`, `collection_site`, `collection_datetime`, `collection_datetime_accuracy`, `sop_master_id`, `collection_property`, `collection_notes`, `participant_id`, `diagnosis_master_id`, `consent_master_id`, `treatment_master_id`, `event_master_id`, `created`, `created_by`, `modified`, `modified_by`, `deleted`) VALUES
(1, 'Q-039021', 2, 'surg  room 2', '2001-06-23 00:00:00', 'h', NULL, 'participant collection', '', 1, 3, 1, 2, NULL, '2012-07-31 15:45:21', 0, '2012-07-31 19:26:42', 1, 0),
(2, 'QP98893', 2, 'surg  room 2', '2012-07-03 10:01:00', 'c', 1, 'participant collection', '', 3, 9, 3, NULL, NULL, '2012-07-31 19:29:06', 1, '2012-07-31 19:35:48', 1, 0),
(3, 'QP9387', 2, 'surg  room 2', '2010-03-01 00:00:00', 'd', NULL, 'participant collection', '', 3, 9, 3, NULL, NULL, '2012-07-31 19:37:24', 0, '2012-07-31 19:37:45', 1, 0),
(4, 'MET 001', 2, 'surg  room 2', '2004-06-05 08:09:00', 'c', NULL, 'participant collection', '', 1, 5, 1, 5, NULL, '2012-07-31 20:02:04', 0, '2012-07-31 20:03:05', 1, 0),
(5, 'P0002', 2, '', '2008-08-06 12:32:00', 'c', NULL, 'participant collection', '', 2, 7, 2, 7, NULL, '2012-07-31 20:48:50', 0, '2012-07-31 20:49:19', 1, 0);

INSERT INTO `collections_revs` (`id`, `acquisition_label`, `bank_id`, `collection_site`, `collection_datetime`, `collection_datetime_accuracy`, `sop_master_id`, `collection_property`, `collection_notes`, `participant_id`, `diagnosis_master_id`, `consent_master_id`, `treatment_master_id`, `event_master_id`, `modified_by`, `version_id`, `version_created`) VALUES
(1, '', NULL, NULL, NULL, '', NULL, NULL, NULL, 1, 3, 1, 2, NULL, 1, 1, '2012-07-31 15:45:21'),
(1, 'Q-03901', 1, 'surg  room 2', '2001-01-03 00:00:00', 'h', NULL, 'participant collection', '', 1, 3, 1, 2, NULL, 1, 2, '2012-07-31 15:47:09'),
(1, 'Q-03901', 1, 'surg  room 2', '2001-06-23 00:00:00', 'h', NULL, 'participant collection', '', 1, 3, 1, 2, NULL, 1, 3, '2012-07-31 15:47:46'),
(1, 'Q-03901', 2, 'surg  room 2', '2001-06-23 00:00:00', 'h', NULL, 'participant collection', '', 1, 3, 1, 2, NULL, 1, 4, '2012-07-31 19:23:03'),
(1, 'Q-039021', 2, 'surg  room 2', '2001-06-23 00:00:00', 'h', NULL, 'participant collection', '', 1, 3, 1, 2, NULL, 1, 5, '2012-07-31 19:26:42'),
(2, 'QP98893', 2, 'surg  room 2', '2012-07-03 10:01:00', 'c', 1, 'participant collection', '', NULL, NULL, NULL, NULL, NULL, 1, 6, '2012-07-31 19:29:06'),
(2, 'QP98893', 2, 'surg  room 2', '2012-07-03 10:01:00', 'c', 1, 'participant collection', '', 3, 9, NULL, NULL, NULL, 1, 7, '2012-07-31 19:35:48'),
(3, '', NULL, NULL, NULL, '', NULL, NULL, NULL, 3, 9, NULL, NULL, NULL, 1, 8, '2012-07-31 19:37:24'),
(3, 'QP9387', 2, 'surg  room 2', '2010-03-01 00:00:00', 'd', NULL, 'participant collection', '', 3, 9, NULL, NULL, NULL, 1, 9, '2012-07-31 19:37:45'),
(4, '', NULL, NULL, NULL, '', NULL, NULL, NULL, 1, 5, 1, 5, NULL, 1, 10, '2012-07-31 20:02:04'),
(4, 'MET 001', 2, 'surg  room 2', NULL, '', NULL, 'participant collection', '', 1, 5, 1, 5, NULL, 1, 11, '2012-07-31 20:02:25'),
(4, 'MET 001', 2, 'surg  room 2', '2004-06-05 08:09:00', 'c', NULL, 'participant collection', '', 1, 5, 1, 5, NULL, 1, 12, '2012-07-31 20:03:05'),
(5, '', NULL, NULL, NULL, '', NULL, NULL, NULL, 2, 7, 2, 7, NULL, 1, 13, '2012-07-31 20:48:50'),
(5, 'P0002', 2, '', '2008-08-06 12:32:00', 'c', NULL, 'participant collection', '', 2, 7, 2, 7, NULL, 1, 14, '2012-07-31 20:49:20'),
(3, 'QP9387', 2, 'surg  room 2', '2010-03-01 00:00:00', 'd', NULL, 'participant collection', '', 3, 9, 3, NULL, NULL, 1, 15, '2012-08-01 13:22:38'),
(2, 'QP98893', 2, 'surg  room 2', '2012-07-03 10:01:00', 'c', 1, 'participant collection', '', 3, 9, 3, NULL, NULL, 1, 16, '2012-08-01 13:23:14');

INSERT INTO `consent_masters` (`id`, `date_of_referral`, `date_of_referral_accuracy`, `route_of_referral`, `date_first_contact`, `date_first_contact_accuracy`, `consent_signed_date`, `consent_signed_date_accuracy`, `form_version`, `reason_denied`, `consent_status`, `process_status`, `status_date`, `status_date_accuracy`, `surgeon`, `operation_date`, `operation_date_accuracy`, `facility`, `notes`, `consent_method`, `translator_indicator`, `translator_signature`, `consent_person`, `facility_other`, `acquisition_id`, `participant_id`, `consent_control_id`, `type`, `created`, `created_by`, `modified`, `modified_by`, `deleted`) VALUES
(1, NULL, '', '', NULL, '', '2001-10-12', 'c', 'v2.0', '', 'obtained', '', '2001-10-12', 'c', '', NULL, '', '', '', 'in person', 'n', '', '', '', NULL, 1, 1, '', '2012-07-31 15:18:22', 1, '2012-07-31 15:18:22', 1, 0),
(2, NULL, '', '', NULL, '', NULL, '', 'v1.0', '', 'obtained', '', NULL, '', '', NULL, '', '', '', '', '', '', '', '', NULL, 2, 1, '', '2012-07-31 18:25:22', 1, '2012-07-31 18:25:22', 1, 0),
(3, NULL, '', '', NULL, '', '2010-03-01', 'd', 'v2.0', '', 'pending', '', NULL, '', '', NULL, '', '', '', '', '', '', '', '', NULL, 3, 1, '', '2012-08-01 13:20:03', 1, '2012-08-01 13:20:03', 1, 0);

INSERT INTO `consent_masters_revs` (`id`, `date_of_referral`, `date_of_referral_accuracy`, `route_of_referral`, `date_first_contact`, `date_first_contact_accuracy`, `consent_signed_date`, `consent_signed_date_accuracy`, `form_version`, `reason_denied`, `consent_status`, `process_status`, `status_date`, `status_date_accuracy`, `surgeon`, `operation_date`, `operation_date_accuracy`, `facility`, `notes`, `consent_method`, `translator_indicator`, `translator_signature`, `consent_person`, `facility_other`, `acquisition_id`, `participant_id`, `consent_control_id`, `type`, `modified_by`, `version_id`, `version_created`) VALUES
(1, NULL, '', '', NULL, '', '2001-10-12', 'c', 'v2.0', '', 'obtained', '', '2001-10-12', 'c', '', NULL, '', '', '', 'in person', 'n', '', '', '', NULL, 1, 1, '', 1, 1, '2012-07-31 15:18:23'),
(2, NULL, '', '', NULL, '', NULL, '', 'v1.0', '', 'obtained', '', NULL, '', '', NULL, '', '', '', '', '', '', '', '', NULL, 2, 1, '', 1, 2, '2012-07-31 18:25:22'),
(3, NULL, '', '', NULL, '', '2010-03-01', 'd', 'v2.0', '', 'pending', '', NULL, '', '', NULL, '', '', '', '', '', '', '', '', NULL, 3, 1, '', 1, 3, '2012-08-01 13:20:03');

INSERT INTO `derivative_details` (`sample_master_id`, `creation_site`, `creation_by`, `creation_datetime`, `lab_book_master_id`, `sync_with_lab_book`, `creation_datetime_accuracy`) VALUES
(4, 'r644', 'tech. 2', '2010-03-01 00:00:00', NULL, 0, 'd'),
(5, 'r644', 'res. assist. 1', '2012-07-03 07:34:00', NULL, 0, 'c'),
(6, '', '', '2010-03-01 00:00:00', NULL, 0, 'd'),
(11, 'r523', 'tech. 1', '2012-08-01 10:03:00', NULL, NULL, 'c'),
(12, 'r523', 'tech. 1', '2012-08-01 10:03:00', NULL, NULL, 'c'),
(13, 'r523', 'tech. 1', '2012-08-01 10:03:00', NULL, NULL, 'c'),
(14, 'r523', 'tech. 1', '2012-08-01 10:03:00', NULL, NULL, 'c'),
(15, 'r523', 'tech. 1', '2012-08-01 10:03:00', NULL, NULL, 'c');

INSERT INTO `derivative_details_revs` (`sample_master_id`, `creation_site`, `creation_by`, `creation_datetime`, `lab_book_master_id`, `sync_with_lab_book`, `version_id`, `version_created`, `creation_datetime_accuracy`) VALUES
(4, 'r644', 'tech. 2', '2010-03-01 00:00:00', NULL, 0, 1, '2012-07-31 19:48:33', 'd'),
(5, 'r644', 'res. assist. 1', '2012-07-03 07:34:00', NULL, 0, 2, '2012-07-31 19:49:03', 'c'),
(6, '', '', '2010-03-01 00:00:00', NULL, 0, 3, '2012-07-31 19:51:43', 'd'),
(11, 'r523', 'tech. 1', '2012-08-01 10:03:00', NULL, NULL, 4, '2012-08-01 13:45:33', 'c'),
(12, 'r523', 'tech. 1', '2012-08-01 10:03:00', NULL, NULL, 5, '2012-08-01 13:45:34', 'c'),
(13, 'r523', 'tech. 1', '2012-08-01 10:03:00', NULL, NULL, 6, '2012-08-01 13:45:35', 'c'),
(14, 'r523', 'tech. 1', '2012-08-01 10:03:00', NULL, NULL, 7, '2012-08-01 13:45:36', 'c'),
(15, 'r523', 'tech. 1', '2012-08-01 10:03:00', NULL, NULL, 8, '2012-08-01 13:45:37', 'c');

INSERT INTO `diagnosis_masters` (`id`, `primary_id`, `parent_id`, `dx_method`, `dx_nature`, `dx_date`, `dx_date_accuracy`, `tumor_size_greatest_dimension`, `additional_dimension_a`, `additional_dimension_b`, `tumor_size_cannot_be_determined`, `icd10_code`, `previous_primary_code`, `previous_primary_code_system`, `morphology`, `topography`, `tumour_grade`, `tumour_grade_specify`, `age_at_dx`, `age_at_dx_precision`, `ajcc_edition`, `collaborative_staged`, `clinical_tstage`, `clinical_nstage`, `clinical_mstage`, `clinical_stage_summary`, `path_tnm_descriptor_m`, `path_tnm_descriptor_r`, `path_tnm_descriptor_y`, `path_tstage`, `path_nstage`, `path_nstage_nbr_node_examined`, `path_nstage_nbr_node_involved`, `path_mstage`, `path_mstage_metastasis_site_specify`, `path_stage_summary`, `survival_time_months`, `information_source`, `notes`, `diagnosis_control_id`, `participant_id`, `created`, `created_by`, `modified`, `modified_by`, `deleted`) VALUES
(1, 1, NULL, 'cytology', 'malignant', '1978-01-01', 'y', NULL, NULL, NULL, 0, 'C827', NULL, NULL, '', '', '', NULL, 40, '', '', '', '', '', '', '', '', '', '', '', '', 0, 0, '', NULL, '', NULL, '', '', 1, 1, '2012-07-31 15:19:56', 1, '2012-07-31 15:19:56', 1, 0),
(2, 1, 1, NULL, NULL, '1990-01-01', 'y', NULL, NULL, NULL, 0, NULL, NULL, NULL, NULL, NULL, NULL, NULL, NULL, '', NULL, NULL, NULL, NULL, NULL, NULL, '', '', '', NULL, NULL, 0, 0, NULL, NULL, NULL, NULL, NULL, '', 17, 1, '2012-07-31 15:20:24', 1, '2012-07-31 15:20:24', 1, 0),
(3, 3, NULL, 'surgical', 'malignant', '2001-06-23', 'c', NULL, NULL, NULL, 0, 'C61', NULL, NULL, '', 'C619', '', NULL, NULL, '', '', '', '', '', '', '', '', '', '', '4', '1', 0, 0, '1', NULL, '', NULL, '', '', 2, 1, '2012-07-31 15:33:13', 1, '2012-07-31 15:33:14', 1, 0),
(4, 3, 3, NULL, NULL, '2003-01-01', 'y', NULL, NULL, NULL, 0, NULL, NULL, NULL, NULL, NULL, NULL, NULL, NULL, '', NULL, NULL, NULL, NULL, NULL, NULL, '', '', '', NULL, NULL, 0, 0, NULL, NULL, NULL, NULL, NULL, '', 17, 1, '2012-07-31 15:41:16', 1, '2012-07-31 15:41:16', 1, 0),
(5, 3, 3, '', NULL, '2005-05-04', 'c', NULL, NULL, NULL, 0, NULL, NULL, NULL, '', '', NULL, NULL, NULL, '', NULL, NULL, NULL, NULL, NULL, NULL, '', '', '', NULL, NULL, 0, 0, NULL, NULL, NULL, NULL, '', '', 16, 1, '2012-07-31 15:42:35', 1, '2012-07-31 15:42:35', 1, 0),
(6, 6, NULL, '', 'malignant', '2008-07-11', 'c', NULL, NULL, NULL, 0, 'D075', NULL, NULL, '', '', '', NULL, NULL, '', '', '', '', '', '', '', '', '', '', '1', '1', 0, 0, '', NULL, '', NULL, '', '', 2, 2, '2012-07-31 18:48:58', 1, '2012-07-31 18:48:58', 1, 0),
(7, 6, 6, NULL, NULL, '2008-12-31', 'c', NULL, NULL, NULL, 0, NULL, NULL, NULL, NULL, NULL, NULL, NULL, NULL, '', NULL, NULL, NULL, NULL, NULL, NULL, '', '', '', NULL, NULL, 0, 0, NULL, NULL, NULL, NULL, NULL, 'PSA', 18, 2, '2012-07-31 18:50:03', 1, '2012-07-31 18:50:03', 1, 0),
(8, 6, 6, NULL, NULL, '2010-01-01', 'y', NULL, NULL, NULL, 0, NULL, NULL, NULL, NULL, NULL, NULL, NULL, NULL, '', NULL, NULL, NULL, NULL, NULL, NULL, '', '', '', NULL, NULL, 0, 0, NULL, NULL, NULL, NULL, NULL, '', 17, 2, '2012-07-31 18:50:35', 1, '2012-07-31 18:50:35', 1, 0),
(9, 9, NULL, 'surgical', 'benign', '2010-03-01', 'd', NULL, NULL, NULL, 0, NULL, NULL, NULL, '', '', '', NULL, NULL, '', '', '', '', '', '', '', '', '', '', '', '', 0, 0, '', NULL, '', NULL, '', '', 2, 3, '2012-07-31 18:54:26', 1, '2012-07-31 18:54:26', 1, 0);

INSERT INTO `diagnosis_masters_revs` (`id`, `primary_id`, `parent_id`, `dx_method`, `dx_nature`, `dx_date`, `dx_date_accuracy`, `tumor_size_greatest_dimension`, `additional_dimension_a`, `additional_dimension_b`, `tumor_size_cannot_be_determined`, `icd10_code`, `previous_primary_code`, `previous_primary_code_system`, `morphology`, `topography`, `tumour_grade`, `tumour_grade_specify`, `age_at_dx`, `age_at_dx_precision`, `ajcc_edition`, `collaborative_staged`, `clinical_tstage`, `clinical_nstage`, `clinical_mstage`, `clinical_stage_summary`, `path_tnm_descriptor_m`, `path_tnm_descriptor_r`, `path_tnm_descriptor_y`, `path_tstage`, `path_nstage`, `path_nstage_nbr_node_examined`, `path_nstage_nbr_node_involved`, `path_mstage`, `path_mstage_metastasis_site_specify`, `path_stage_summary`, `survival_time_months`, `information_source`, `notes`, `diagnosis_control_id`, `participant_id`, `modified_by`, `version_id`, `version_created`) VALUES
(1, 1, NULL, 'cytology', 'malignant', '1978-01-01', 'y', NULL, NULL, NULL, 0, 'C827', NULL, NULL, '', '', '', NULL, 40, '', '', '', '', '', '', '', '', '', '', '', '', 0, 0, '', NULL, '', NULL, '', '', 1, 1, 1, 1, '2012-07-31 15:19:56'),
(2, 1, 1, NULL, NULL, '1990-01-01', 'y', NULL, NULL, NULL, 0, NULL, NULL, NULL, NULL, NULL, NULL, NULL, NULL, '', NULL, NULL, NULL, NULL, NULL, NULL, '', '', '', NULL, NULL, 0, 0, NULL, NULL, NULL, NULL, NULL, '', 17, 1, 1, 2, '2012-07-31 15:20:24'),
(3, 3, NULL, 'surgical', 'malignant', '2001-06-23', 'c', NULL, NULL, NULL, 0, 'C61', NULL, NULL, '', 'C619', '', NULL, NULL, '', '', '', '', '', '', '', '', '', '', '4', '1', 0, 0, '1', NULL, '', NULL, '', '', 2, 1, 1, 3, '2012-07-31 15:33:14'),
(4, 3, 3, NULL, NULL, '2003-01-01', 'y', NULL, NULL, NULL, 0, NULL, NULL, NULL, NULL, NULL, NULL, NULL, NULL, '', NULL, NULL, NULL, NULL, NULL, NULL, '', '', '', NULL, NULL, 0, 0, NULL, NULL, NULL, NULL, NULL, '', 17, 1, 1, 4, '2012-07-31 15:41:16'),
(5, 3, 3, '', NULL, '2005-05-04', 'c', NULL, NULL, NULL, 0, NULL, NULL, NULL, '', '', NULL, NULL, NULL, '', NULL, NULL, NULL, NULL, NULL, NULL, '', '', '', NULL, NULL, 0, 0, NULL, NULL, NULL, NULL, '', '', 16, 1, 1, 5, '2012-07-31 15:42:35'),
(6, 6, NULL, '', 'malignant', '2008-07-11', 'c', NULL, NULL, NULL, 0, 'D075', NULL, NULL, '', '', '', NULL, NULL, '', '', '', '', '', '', '', '', '', '', '1', '1', 0, 0, '', NULL, '', NULL, '', '', 2, 2, 1, 6, '2012-07-31 18:48:58'),
(7, 6, 6, NULL, NULL, '2008-12-31', 'c', NULL, NULL, NULL, 0, NULL, NULL, NULL, NULL, NULL, NULL, NULL, NULL, '', NULL, NULL, NULL, NULL, NULL, NULL, '', '', '', NULL, NULL, 0, 0, NULL, NULL, NULL, NULL, NULL, 'PSA', 18, 2, 1, 7, '2012-07-31 18:50:03'),
(8, 6, 6, NULL, NULL, '2010-01-01', 'y', NULL, NULL, NULL, 0, NULL, NULL, NULL, NULL, NULL, NULL, NULL, NULL, '', NULL, NULL, NULL, NULL, NULL, NULL, '', '', '', NULL, NULL, 0, 0, NULL, NULL, NULL, NULL, NULL, '', 17, 2, 1, 8, '2012-07-31 18:50:35'),
(9, 9, NULL, 'surgical', 'benign', '2010-03-01', 'd', NULL, NULL, NULL, 0, NULL, NULL, NULL, '', '', '', NULL, NULL, '', '', '', '', '', '', '', '', '', '', '', '', 0, 0, '', NULL, '', NULL, '', '', 2, 3, 1, 9, '2012-07-31 18:54:26');

INSERT INTO `drugs` (`id`, `generic_name`, `trade_name`, `type`, `description`, `created`, `created_by`, `modified`, `modified_by`, `deleted`) VALUES
(1, 'carboplatin', '', 'chemotherapy', '', '2012-07-31 15:26:06', 1, '2012-07-31 15:26:06', 1, 0),
(2, 'cyclophosphamide', '', 'chemotherapy', '', '2012-07-31 15:26:16', 1, '2012-07-31 15:26:16', 1, 0),
(3, 'methotrexate', '', 'chemotherapy', '', '2012-07-31 15:26:41', 1, '2012-07-31 15:26:41', 1, 0),
(4, 'fluorouracil', '', 'chemotherapy', '', '2012-07-31 15:26:53', 1, '2012-07-31 15:26:53', 1, 0),
(5, 'fluoxymesterone', '', 'hormonal', '', '2012-07-31 15:28:12', 1, '2012-07-31 15:28:12', 1, 0);

INSERT INTO `drugs_revs` (`id`, `generic_name`, `trade_name`, `type`, `description`, `modified_by`, `version_id`, `version_created`) VALUES
(1, 'carboplatin', '', 'chemotherapy', '', 1, 1, '2012-07-31 15:26:06'),
(2, 'cyclophosphamide', '', 'chemotherapy', '', 1, 2, '2012-07-31 15:26:23'),
(3, 'methotrexate', '', 'chemotherapy', '', 1, 3, '2012-07-31 15:26:41'),
(4, 'fluorouracil', '', 'chemotherapy', '', 1, 4, '2012-07-31 15:26:53'),
(5, 'fluoxymesterone', '', 'hormonal', '', 1, 5, '2012-07-31 15:28:12');

INSERT INTO `dxd_bloods` (`diagnosis_master_id`, `text_field`) VALUES
(1, '');

INSERT INTO `dxd_bloods_revs` (`diagnosis_master_id`, `text_field`, `version_id`, `version_created`) VALUES
(1, '', 1, '2012-07-31 15:19:56');

INSERT INTO `dxd_progressions` (`diagnosis_master_id`) VALUES
(7);

INSERT INTO `dxd_progressions_revs` (`diagnosis_master_id`, `deleted`, `version_id`, `version_created`) VALUES
(7, 0, 1, '2012-07-31 18:50:03');

INSERT INTO `dxd_remissions` (`diagnosis_master_id`) VALUES
(2),
(4),
(8);

INSERT INTO `dxd_remissions_revs` (`diagnosis_master_id`, `deleted`, `version_id`, `version_created`) VALUES
(2, 0, 1, '2012-07-31 15:20:24'),
(4, 0, 2, '2012-07-31 15:41:17'),
(8, 0, 3, '2012-07-31 18:50:36');

INSERT INTO `dxd_secondaries` (`diagnosis_master_id`) VALUES
(5);

INSERT INTO `dxd_secondaries_revs` (`diagnosis_master_id`, `deleted`, `version_id`, `version_created`) VALUES
(5, 0, 1, '2012-07-31 15:42:36');

INSERT INTO `dxd_tissues` (`diagnosis_master_id`, `laterality`) VALUES
(3, 'not applicable'),
(6, 'not applicable'),
(9, '');

INSERT INTO `dxd_tissues_revs` (`diagnosis_master_id`, `laterality`, `version_id`, `version_created`) VALUES
(3, 'not applicable', 1, '2012-07-31 15:33:14'),
(6, 'not applicable', 2, '2012-07-31 18:48:59'),
(9, '', 3, '2012-07-31 18:54:27');

INSERT INTO `ed_all_clinical_followups` (`weight`, `recurrence_status`, `disease_status`, `vital_status`, `event_master_id`) VALUES
(NULL, '', '', 'died of unknown cause', 3);

INSERT INTO `ed_all_clinical_followups_revs` (`weight`, `recurrence_status`, `disease_status`, `vital_status`, `event_master_id`, `version_id`, `version_created`) VALUES
(NULL, '', '', 'died of unknown cause', 3, 1, '2012-07-31 15:40:36');

INSERT INTO `ed_all_clinical_presentations` (`weight`, `height`, `event_master_id`) VALUES
('87.00', '176.00', 2),
('78.00', '165.00', 4);

INSERT INTO `ed_all_clinical_presentations_revs` (`weight`, `height`, `event_master_id`, `version_id`, `version_created`) VALUES
('87.00', '176.00', 2, 1, '2012-07-31 15:39:11'),
('78.00', '165.00', 4, 2, '2012-07-31 18:29:22');

INSERT INTO `ed_all_lifestyle_smokings` (`smoking_history`, `smoking_status`, `pack_years`, `product_used`, `event_master_id`, `started_on`, `started_on_accuracy`, `stopped_on`, `stopped_on_accuracy`) VALUES
('yes', 'smoker at dx', NULL, 'cigarettes', 1, '1969-01-01', 'm', NULL, ''),
('no', 'non-smoker', NULL, '', 5, NULL, '', NULL, '');

INSERT INTO `ed_all_lifestyle_smokings_revs` (`smoking_history`, `smoking_status`, `pack_years`, `product_used`, `event_master_id`, `version_id`, `version_created`, `started_on`, `started_on_accuracy`, `stopped_on`, `stopped_on_accuracy`) VALUES
('yes', 'smoker at dx', NULL, 'cigarettes', 1, 1, '2012-07-31 15:37:52', '1969-01-01', 'm', NULL, ''),
('no', 'non-smoker', NULL, '', 5, 2, '2012-07-31 18:47:40', NULL, '', NULL, '');

INSERT INTO `event_masters` (`id`, `event_control_id`, `event_status`, `event_summary`, `event_date`, `event_date_accuracy`, `information_source`, `urgency`, `date_required`, `date_required_accuracy`, `date_requested`, `date_requested_accuracy`, `reference_number`, `created`, `created_by`, `modified`, `modified_by`, `participant_id`, `diagnosis_master_id`, `deleted`) VALUES
(1, 30, NULL, '', '2001-01-01', 'm', NULL, NULL, NULL, '', NULL, '', NULL, '2012-07-31 15:37:52', 1, '2012-07-31 15:37:52', 1, 1, 3, 0),
(2, 22, NULL, '', '2006-01-01', 'm', NULL, NULL, NULL, '', NULL, '', NULL, '2012-07-31 15:39:11', 1, '2012-07-31 15:39:11', 1, 1, NULL, 0),
(3, 20, NULL, '', '2008-01-01', 'y', NULL, NULL, NULL, '', NULL, '', NULL, '2012-07-31 15:40:35', 1, '2012-07-31 15:40:35', 1, 1, NULL, 0),
(4, 22, NULL, '', NULL, '', NULL, NULL, NULL, '', NULL, '', NULL, '2012-07-31 18:29:21', 1, '2012-07-31 18:29:21', 1, 2, NULL, 0),
(5, 30, NULL, '', NULL, '', NULL, NULL, NULL, '', NULL, '', NULL, '2012-07-31 18:47:39', 1, '2012-07-31 18:47:39', 1, 2, NULL, 0);

INSERT INTO `event_masters_revs` (`id`, `event_control_id`, `event_status`, `event_summary`, `event_date`, `event_date_accuracy`, `information_source`, `urgency`, `date_required`, `date_required_accuracy`, `date_requested`, `date_requested_accuracy`, `reference_number`, `modified_by`, `participant_id`, `diagnosis_master_id`, `version_id`, `version_created`) VALUES
(1, 30, NULL, '', '2001-01-01', 'm', NULL, NULL, NULL, '', NULL, '', NULL, 1, 1, 3, 1, '2012-07-31 15:37:52'),
(2, 22, NULL, '', '2006-01-01', 'm', NULL, NULL, NULL, '', NULL, '', NULL, 1, 1, NULL, 2, '2012-07-31 15:39:11'),
(3, 20, NULL, '', '2008-01-01', 'y', NULL, NULL, NULL, '', NULL, '', NULL, 1, 1, NULL, 3, '2012-07-31 15:40:35'),
(4, 22, NULL, '', NULL, '', NULL, NULL, NULL, '', NULL, '', NULL, 1, 2, NULL, 4, '2012-07-31 18:29:21'),
(5, 30, NULL, '', NULL, '', NULL, NULL, NULL, '', NULL, '', NULL, 1, 2, NULL, 5, '2012-07-31 18:47:39');

INSERT INTO `family_histories` (`id`, `relation`, `family_domain`, `primary_icd10_code`, `previous_primary_code`, `previous_primary_code_system`, `age_at_dx`, `age_at_dx_precision`, `participant_id`, `created`, `created_by`, `modified`, `modified_by`, `deleted`) VALUES
(1, 'uncle', 'paternal', 'C831', '', '', NULL, '', 3, '2012-07-31 18:54:57', 1, '2012-07-31 18:54:58', 1, 0),
(2, 'mother', 'maternal', 'D27', '', '', NULL, '', 3, '2012-07-31 18:55:28', 1, '2012-07-31 18:55:28', 1, 0),
(3, 'mother', 'paternal', 'D057', '', '', NULL, '', 2, '2012-07-31 18:56:08', 1, '2012-07-31 18:56:08', 1, 0);

INSERT INTO `family_histories_revs` (`id`, `relation`, `family_domain`, `primary_icd10_code`, `previous_primary_code`, `previous_primary_code_system`, `age_at_dx`, `age_at_dx_precision`, `participant_id`, `modified_by`, `version_id`, `version_created`) VALUES
(1, 'uncle', 'paternal', 'C831', '', '', NULL, '', 3, 1, 1, '2012-07-31 18:54:58'),
(2, 'mother', 'maternal', 'D27', '', '', NULL, '', 3, 1, 2, '2012-07-31 18:55:28'),
(3, 'mother', 'paternal', 'D057', '', '', NULL, '', 2, 1, 3, '2012-07-31 18:56:08');

INSERT INTO `key_increments` (`key_name`, `key_value`) VALUES
('br', 124),
('pr', 5943);

INSERT INTO `misc_identifiers` (`id`, `identifier_value`, `misc_identifier_control_id`, `effective_date`, `effective_date_accuracy`, `expiry_date`, `expiry_date_accuracy`, `notes`, `participant_id`, `created`, `created_by`, `modified`, `modified_by`, `deleted`, `tmp_deleted`, `flag_unique`) VALUES
(1, 'BR123', 1, NULL, '', NULL, '', NULL, NULL, '2012-07-31 18:22:34', 1, '2012-07-31 18:22:34', 1, 1, 1, 1),
(2, 'PR5940', 2, NULL, '', NULL, '', NULL, 2, '2012-07-31 18:22:51', 1, '2012-07-31 18:22:51', 1, 0, 0, 1),
(3, 'PR5941', 2, NULL, '', NULL, '', NULL, 1, '2012-07-31 18:23:05', 1, '2012-07-31 18:23:05', 1, 0, 0, 1),
(4, 'PR5942', 2, NULL, '', NULL, '', NULL, 3, '2012-07-31 18:59:17', 1, '2012-07-31 18:59:17', 1, 0, 0, 1),
(5, '443', 3, NULL, '', NULL, '', '', 3, '2012-07-31 18:59:28', 1, '2012-07-31 18:59:28', 1, 0, 0, 1),
(6, '479092', 3, NULL, '', NULL, '', '', 2, '2012-07-31 18:59:38', 1, '2012-07-31 18:59:38', 1, 0, 0, 1),
(7, '73991', 3, NULL, '', NULL, '', '', 1, '2012-07-31 18:59:48', 1, '2012-07-31 18:59:48', 1, 0, 0, 1);

INSERT INTO `misc_identifiers_revs` (`id`, `identifier_value`, `misc_identifier_control_id`, `effective_date`, `effective_date_accuracy`, `expiry_date`, `expiry_date_accuracy`, `notes`, `participant_id`, `modified_by`, `version_id`, `version_created`, `tmp_deleted`, `flag_unique`) VALUES
(1, 'BR123', 1, NULL, '', NULL, '', NULL, 2, 1, 1, '2012-07-31 18:22:34', 0, 1),
(2, 'PR5940', 2, NULL, '', NULL, '', NULL, 2, 1, 2, '2012-07-31 18:22:51', 0, 1),
(3, 'PR5941', 2, NULL, '', NULL, '', NULL, 1, 1, 3, '2012-07-31 18:23:05', 0, 1),
(4, 'PR5942', 2, NULL, '', NULL, '', NULL, 3, 1, 4, '2012-07-31 18:59:17', 0, 1),
(5, '443', 3, NULL, '', NULL, '', '', 3, 1, 5, '2012-07-31 18:59:28', 0, 1),
(6, '479092', 3, NULL, '', NULL, '', '', 2, 1, 6, '2012-07-31 18:59:38', 0, 1),
(7, '73991', 3, NULL, '', NULL, '', '', 1, 1, 7, '2012-07-31 18:59:48', 0, 1);

INSERT INTO `misc_identifier_controls` (`id`, `misc_identifier_name`, `flag_active`, `display_order`, `autoincrement_name`, `misc_identifier_format`, `flag_once_per_participant`, `flag_confidential`, `flag_unique`, `pad_to_length`, `reg_exp_validation`, `user_readable_format`) VALUES
(1, '#BR', 1, 1, 'br', 'BR%%key_increment%%', 0, 0, 1, 0, '', ''),
(2, '#PR', 1, 2, 'pr', 'PR%%key_increment%%', 0, 0, 1, 0, '', ''),
(3, 'hospital number', 1, 4, '', '', 1, 1, 1, 0, '', '');

INSERT INTO `orders` (`id`, `order_number`, `short_title`, `description`, `date_order_placed`, `date_order_placed_accuracy`, `date_order_completed`, `date_order_completed_accuracy`, `processing_status`, `comments`, `created`, `created_by`, `modified`, `modified_by`, `default_study_summary_id`, `institution`, `contact`, `default_required_date`, `deleted`, `default_required_date_accuracy`) VALUES
(1, 'DNA -Pr 93891', '', '', '2012-06-22', 'c', NULL, '', 'pending', '', '2012-08-01 13:56:47', 1, '2012-08-01 13:56:47', 1, 1, '', '', NULL, 0, '');

INSERT INTO `orders_revs` (`id`, `order_number`, `short_title`, `description`, `date_order_placed`, `date_order_placed_accuracy`, `date_order_completed`, `date_order_completed_accuracy`, `processing_status`, `comments`, `modified_by`, `default_study_summary_id`, `institution`, `contact`, `default_required_date`, `version_id`, `version_created`, `default_required_date_accuracy`) VALUES
(1, 'DNA -Pr 93891', '', '', '2012-06-22', 'c', NULL, '', 'pending', '', 1, 1, '', '', NULL, 1, '2012-08-01 13:56:47', '');

INSERT INTO `order_items` (`id`, `date_added`, `date_added_accuracy`, `added_by`, `status`, `created`, `created_by`, `modified`, `modified_by`, `order_line_id`, `shipment_id`, `aliquot_master_id`, `deleted`) VALUES
(1, '2012-08-09', 'c', 'tech. 2', 'shipped', '2012-08-01 13:58:05', 1, '2012-08-01 13:59:43', 1, 1, 1, 101, 0),
(2, '2012-08-09', 'c', 'tech. 2', 'shipped', '2012-08-01 13:58:06', 1, '2012-08-01 13:59:44', 1, 1, 1, 102, 0),
(3, '2012-08-09', 'c', 'tech. 2', 'shipped', '2012-08-01 13:58:07', 1, '2012-08-01 13:59:45', 1, 1, 1, 103, 0),
(4, '2012-08-09', 'c', 'tech. 2', 'shipped', '2012-08-01 13:58:07', 1, '2012-08-01 13:59:46', 1, 1, 1, 104, 0),
(5, '2012-08-09', 'c', 'tech. 2', 'shipped', '2012-08-01 13:58:08', 1, '2012-08-01 13:59:47', 1, 1, 1, 105, 0);

INSERT INTO `order_items_revs` (`id`, `date_added`, `date_added_accuracy`, `added_by`, `status`, `modified_by`, `order_line_id`, `shipment_id`, `aliquot_master_id`, `version_id`, `version_created`) VALUES
(1, '2012-08-09', 'c', 'tech. 2', 'pending', 1, 1, NULL, 101, 1, '2012-08-01 13:58:05'),
(2, '2012-08-09', 'c', 'tech. 2', 'pending', 1, 1, NULL, 102, 2, '2012-08-01 13:58:06'),
(3, '2012-08-09', 'c', 'tech. 2', 'pending', 1, 1, NULL, 103, 3, '2012-08-01 13:58:07'),
(4, '2012-08-09', 'c', 'tech. 2', 'pending', 1, 1, NULL, 104, 4, '2012-08-01 13:58:07'),
(5, '2012-08-09', 'c', 'tech. 2', 'pending', 1, 1, NULL, 105, 5, '2012-08-01 13:58:08'),
(1, '2012-08-09', 'c', 'tech. 2', 'shipped', 1, 1, 1, 101, 6, '2012-08-01 13:59:43'),
(2, '2012-08-09', 'c', 'tech. 2', 'shipped', 1, 1, 1, 102, 7, '2012-08-01 13:59:44'),
(3, '2012-08-09', 'c', 'tech. 2', 'shipped', 1, 1, 1, 103, 8, '2012-08-01 13:59:45'),
(4, '2012-08-09', 'c', 'tech. 2', 'shipped', 1, 1, 1, 104, 9, '2012-08-01 13:59:46'),
(5, '2012-08-09', 'c', 'tech. 2', 'shipped', 1, 1, 1, 105, 10, '2012-08-01 13:59:47');

INSERT INTO `order_lines` (`id`, `quantity_ordered`, `min_quantity_ordered`, `quantity_unit`, `date_required`, `date_required_accuracy`, `status`, `created`, `created_by`, `modified`, `modified_by`, `sample_control_id`, `aliquot_control_id`, `sample_aliquot_precision`, `order_id`, `study_summary_id`, `deleted`) VALUES
(1, '4', '', 'tb', NULL, '', 'shipped', '2012-08-01 13:57:12', 1, '2012-08-01 13:59:48', 1, 12, 29, '', 1, 1, 0),
(2, '22', '', 'ml', NULL, '', 'pending', '2012-08-01 13:57:29', 1, '2012-08-01 13:57:29', 1, 9, 16, '', 1, 1, 0);

INSERT INTO `order_lines_revs` (`id`, `quantity_ordered`, `min_quantity_ordered`, `quantity_unit`, `date_required`, `date_required_accuracy`, `status`, `modified_by`, `sample_control_id`, `aliquot_control_id`, `sample_aliquot_precision`, `order_id`, `study_summary_id`, `version_id`, `version_created`) VALUES
(1, '4', '', 'tb', NULL, '', 'pending', 1, 12, 29, '', 1, 1, 1, '2012-08-01 13:57:12'),
(2, '22', '', 'ml', NULL, '', 'pending', 1, 9, 16, '', 1, 1, 2, '2012-08-01 13:57:29'),
(1, '4', '', 'tb', NULL, '', 'pending', 1, 12, 29, '', 1, 1, 3, '2012-08-01 13:58:09'),
(1, '4', '', 'tb', NULL, '', 'shipped', 1, 12, 29, '', 1, 1, 4, '2012-08-01 13:59:48');

INSERT INTO `participants` (`id`, `title`, `first_name`, `middle_name`, `last_name`, `date_of_birth`, `date_of_birth_accuracy`, `marital_status`, `language_preferred`, `sex`, `race`, `vital_status`, `notes`, `date_of_death`, `date_of_death_accuracy`, `cod_icd10_code`, `secondary_cod_icd10_code`, `cod_confirmation_source`, `participant_identifier`, `last_chart_checked_date`, `last_chart_checked_date_accuracy`, `last_modification`, `last_modification_ds_id`, `created`, `created_by`, `modified`, `modified_by`, `deleted`) VALUES
(1, 'Mr.', 'John', '', 'Qwerty', '1938-02-24', 'c', 'married', '', 'm', '', 'deceased', '', '2008-01-01', 'c', NULL, NULL, '', 'P0001', '2012-07-24', 'c', '2012-07-31 18:59:48', 4, '2012-07-31 15:16:42', 1, '2012-07-31 18:59:48', 1, 0),
(2, 'Mr.', 'Robert', '', 'Azerty', '1942-01-01', 'c', '', '', 'm', '', 'alive', '', NULL, '', NULL, NULL, '', 'P0002', NULL, '', '2012-07-31 18:59:38', 4, '2012-07-31 18:13:42', 1, '2012-07-31 18:59:38', 1, 0),
(3, 'Mr.', 'J.', '', 'Doe', '1970-07-01', 'c', 'common law', '', 'm', '', 'alive', '', NULL, '', NULL, NULL, '', 'P0003', NULL, '', '2012-08-01 13:20:04', 4, '2012-07-31 18:53:52', 1, '2012-08-01 13:20:04', 1, 0);

INSERT INTO `participants_revs` (`id`, `title`, `first_name`, `middle_name`, `last_name`, `date_of_birth`, `date_of_birth_accuracy`, `marital_status`, `language_preferred`, `sex`, `race`, `vital_status`, `notes`, `date_of_death`, `date_of_death_accuracy`, `cod_icd10_code`, `secondary_cod_icd10_code`, `cod_confirmation_source`, `participant_identifier`, `last_chart_checked_date`, `last_chart_checked_date_accuracy`, `last_modification`, `last_modification_ds_id`, `modified_by`, `version_id`, `version_created`) VALUES
(1, 'Mr.', 'John', '', 'Qwerty', '1938-02-24', 'c', 'married', '', 'm', '', 'deceased', '', '2008-01-01', 'y', NULL, NULL, '', 'P0001', '2012-07-24', 'c', '2012-07-31 15:16:42', 4, 1, 1, '2012-07-31 15:16:42'),
(1, 'Mr.', 'John', '', 'Qwerty', '1938-02-24', 'c', 'married', '', 'm', '', 'deceased', '', '2008-01-01', 'c', NULL, NULL, '', 'P0001', '2012-07-24', 'c', '2012-07-31 15:18:23', 4, 1, 2, '2012-07-31 15:18:23'),
(1, 'Mr.', 'John', '', 'Qwerty', '1938-02-24', 'c', 'married', '', 'm', '', 'deceased', '', '2008-01-01', 'c', NULL, NULL, '', 'P0001', '2012-07-24', 'c', '2012-07-31 15:19:57', 4, 1, 3, '2012-07-31 15:19:57'),
(1, 'Mr.', 'John', '', 'Qwerty', '1938-02-24', 'c', 'married', '', 'm', '', 'deceased', '', '2008-01-01', 'c', NULL, NULL, '', 'P0001', '2012-07-24', 'c', '2012-07-31 15:20:24', 4, 1, 4, '2012-07-31 15:20:25'),
(1, 'Mr.', 'John', '', 'Qwerty', '1938-02-24', 'c', 'married', '', 'm', '', 'deceased', '', '2008-01-01', 'c', NULL, NULL, '', 'P0001', '2012-07-24', 'c', '2012-07-31 15:22:13', 4, 1, 5, '2012-07-31 15:22:13'),
(1, 'Mr.', 'John', '', 'Qwerty', '1938-02-24', 'c', 'married', '', 'm', '', 'deceased', '', '2008-01-01', 'c', NULL, NULL, '', 'P0001', '2012-07-24', 'c', '2012-07-31 15:29:25', 4, 1, 6, '2012-07-31 15:29:26'),
(1, 'Mr.', 'John', '', 'Qwerty', '1938-02-24', 'c', 'married', '', 'm', '', 'deceased', '', '2008-01-01', 'c', NULL, NULL, '', 'P0001', '2012-07-24', 'c', '2012-07-31 15:29:26', 4, 1, 7, '2012-07-31 15:29:26'),
(1, 'Mr.', 'John', '', 'Qwerty', '1938-02-24', 'c', 'married', '', 'm', '', 'deceased', '', '2008-01-01', 'c', NULL, NULL, '', 'P0001', '2012-07-24', 'c', '2012-07-31 15:33:14', 4, 1, 8, '2012-07-31 15:33:14'),
(1, 'Mr.', 'John', '', 'Qwerty', '1938-02-24', 'c', 'married', '', 'm', '', 'deceased', '', '2008-01-01', 'c', NULL, NULL, '', 'P0001', '2012-07-24', 'c', '2012-07-31 15:34:08', 4, 1, 9, '2012-07-31 15:34:08'),
(1, 'Mr.', 'John', '', 'Qwerty', '1938-02-24', 'c', 'married', '', 'm', '', 'deceased', '', '2008-01-01', 'c', NULL, NULL, '', 'P0001', '2012-07-24', 'c', '2012-07-31 15:34:33', 4, 1, 10, '2012-07-31 15:34:33'),
(1, 'Mr.', 'John', '', 'Qwerty', '1938-02-24', 'c', 'married', '', 'm', '', 'deceased', '', '2008-01-01', 'c', NULL, NULL, '', 'P0001', '2012-07-24', 'c', '2012-07-31 15:35:53', 4, 1, 11, '2012-07-31 15:35:53'),
(1, 'Mr.', 'John', '', 'Qwerty', '1938-02-24', 'c', 'married', '', 'm', '', 'deceased', '', '2008-01-01', 'c', NULL, NULL, '', 'P0001', '2012-07-24', 'c', '2012-07-31 15:36:25', 4, 1, 12, '2012-07-31 15:36:25'),
(1, 'Mr.', 'John', '', 'Qwerty', '1938-02-24', 'c', 'married', '', 'm', '', 'deceased', '', '2008-01-01', 'c', NULL, NULL, '', 'P0001', '2012-07-24', 'c', '2012-07-31 15:36:31', 4, 1, 13, '2012-07-31 15:36:31'),
(1, 'Mr.', 'John', '', 'Qwerty', '1938-02-24', 'c', 'married', '', 'm', '', 'deceased', '', '2008-01-01', 'c', NULL, NULL, '', 'P0001', '2012-07-24', 'c', '2012-07-31 15:36:31', 4, 1, 14, '2012-07-31 15:36:31'),
(1, 'Mr.', 'John', '', 'Qwerty', '1938-02-24', 'c', 'married', '', 'm', '', 'deceased', '', '2008-01-01', 'c', NULL, NULL, '', 'P0001', '2012-07-24', 'c', '2012-07-31 15:37:53', 4, 1, 15, '2012-07-31 15:37:53'),
(1, 'Mr.', 'John', '', 'Qwerty', '1938-02-24', 'c', 'married', '', 'm', '', 'deceased', '', '2008-01-01', 'c', NULL, NULL, '', 'P0001', '2012-07-24', 'c', '2012-07-31 15:39:11', 4, 1, 16, '2012-07-31 15:39:11'),
(1, 'Mr.', 'John', '', 'Qwerty', '1938-02-24', 'c', 'married', '', 'm', '', 'deceased', '', '2008-01-01', 'c', NULL, NULL, '', 'P0001', '2012-07-24', 'c', '2012-07-31 15:40:36', 4, 1, 17, '2012-07-31 15:40:36'),
(1, 'Mr.', 'John', '', 'Qwerty', '1938-02-24', 'c', 'married', '', 'm', '', 'deceased', '', '2008-01-01', 'c', NULL, NULL, '', 'P0001', '2012-07-24', 'c', '2012-07-31 15:41:17', 4, 1, 18, '2012-07-31 15:41:17'),
(1, 'Mr.', 'John', '', 'Qwerty', '1938-02-24', 'c', 'married', '', 'm', '', 'deceased', '', '2008-01-01', 'c', NULL, NULL, '', 'P0001', '2012-07-24', 'c', '2012-07-31 15:42:36', 4, 1, 19, '2012-07-31 15:42:36'),
(1, 'Mr.', 'John', '', 'Qwerty', '1938-02-24', 'c', 'married', '', 'm', '', 'deceased', '', '2008-01-01', 'c', NULL, NULL, '', 'P0001', '2012-07-24', 'c', '2012-07-31 15:43:21', 4, 1, 20, '2012-07-31 15:43:21'),
(1, 'Mr.', 'John', '', 'Qwerty', '1938-02-24', 'c', 'married', '', 'm', '', 'deceased', '', '2008-01-01', 'c', NULL, NULL, '', 'P0001', '2012-07-24', 'c', '2012-07-31 15:44:13', 4, 1, 21, '2012-07-31 15:44:13'),
(2, 'Mr.', 'Robert', '', 'Azerty', '1942-01-01', 'c', '', '', 'm', '', 'alive', '', NULL, '', NULL, NULL, '', 'P0002', NULL, '', '2012-07-31 18:13:42', 4, 1, 22, '2012-07-31 18:13:42'),
(2, 'Mr.', 'Robert', '', 'Azerty', '1942-01-01', 'c', '', '', 'm', '', 'alive', '', NULL, '', NULL, NULL, '', 'P0002', NULL, '', '2012-07-31 18:22:34', 4, 1, 23, '2012-07-31 18:22:34'),
(2, 'Mr.', 'Robert', '', 'Azerty', '1942-01-01', 'c', '', '', 'm', '', 'alive', '', NULL, '', NULL, NULL, '', 'P0002', NULL, '', '2012-07-31 18:22:46', 4, 1, 24, '2012-07-31 18:22:46'),
(2, 'Mr.', 'Robert', '', 'Azerty', '1942-01-01', 'c', '', '', 'm', '', 'alive', '', NULL, '', NULL, NULL, '', 'P0002', NULL, '', '2012-07-31 18:22:51', 4, 1, 25, '2012-07-31 18:22:51'),
(1, 'Mr.', 'John', '', 'Qwerty', '1938-02-24', 'c', 'married', '', 'm', '', 'deceased', '', '2008-01-01', 'c', NULL, NULL, '', 'P0001', '2012-07-24', 'c', '2012-07-31 18:23:05', 4, 1, 26, '2012-07-31 18:23:05'),
(2, 'Mr.', 'Robert', '', 'Azerty', '1942-01-01', 'c', '', '', 'm', '', 'alive', '', NULL, '', NULL, NULL, '', 'P0002', NULL, '', '2012-07-31 18:25:22', 4, 1, 27, '2012-07-31 18:25:23'),
(2, 'Mr.', 'Robert', '', 'Azerty', '1942-01-01', 'c', '', '', 'm', '', 'alive', '', NULL, '', NULL, NULL, '', 'P0002', NULL, '', '2012-07-31 18:29:22', 4, 1, 28, '2012-07-31 18:29:22'),
(2, 'Mr.', 'Robert', '', 'Azerty', '1942-01-01', 'c', '', '', 'm', '', 'alive', '', NULL, '', NULL, NULL, '', 'P0002', NULL, '', '2012-07-31 18:47:40', 4, 1, 29, '2012-07-31 18:47:40'),
(2, 'Mr.', 'Robert', '', 'Azerty', '1942-01-01', 'c', '', '', 'm', '', 'alive', '', NULL, '', NULL, NULL, '', 'P0002', NULL, '', '2012-07-31 18:48:59', 4, 1, 30, '2012-07-31 18:48:59'),
(2, 'Mr.', 'Robert', '', 'Azerty', '1942-01-01', 'c', '', '', 'm', '', 'alive', '', NULL, '', NULL, NULL, '', 'P0002', NULL, '', '2012-07-31 18:50:03', 4, 1, 31, '2012-07-31 18:50:03'),
(2, 'Mr.', 'Robert', '', 'Azerty', '1942-01-01', 'c', '', '', 'm', '', 'alive', '', NULL, '', NULL, NULL, '', 'P0002', NULL, '', '2012-07-31 18:50:36', 4, 1, 32, '2012-07-31 18:50:36'),
(2, 'Mr.', 'Robert', '', 'Azerty', '1942-01-01', 'c', '', '', 'm', '', 'alive', '', NULL, '', NULL, NULL, '', 'P0002', NULL, '', '2012-07-31 18:51:27', 4, 1, 33, '2012-07-31 18:51:27'),
(2, 'Mr.', 'Robert', '', 'Azerty', '1942-01-01', 'c', '', '', 'm', '', 'alive', '', NULL, '', NULL, NULL, '', 'P0002', NULL, '', '2012-07-31 18:52:15', 4, 1, 34, '2012-07-31 18:52:15'),
(2, 'Mr.', 'Robert', '', 'Azerty', '1942-01-01', 'c', '', '', 'm', '', 'alive', '', NULL, '', NULL, NULL, '', 'P0002', NULL, '', '2012-07-31 18:52:21', 4, 1, 35, '2012-07-31 18:52:21'),
(2, 'Mr.', 'Robert', '', 'Azerty', '1942-01-01', 'c', '', '', 'm', '', 'alive', '', NULL, '', NULL, NULL, '', 'P0002', NULL, '', '2012-07-31 18:52:21', 4, 1, 36, '2012-07-31 18:52:21'),
(2, 'Mr.', 'Robert', '', 'Azerty', '1942-01-01', 'c', '', '', 'm', '', 'alive', '', NULL, '', NULL, NULL, '', 'P0002', NULL, '', '2012-07-31 18:53:17', 4, 1, 37, '2012-07-31 18:53:17'),
(3, '', '', '', '', '1970-07-01', 'd', 'common law', '', 'm', '', 'alive', '', NULL, '', NULL, NULL, '', 'P0003', NULL, '', '2012-07-31 18:53:52', 4, 1, 38, '2012-07-31 18:53:52'),
(3, '', '', '', '', '1970-07-01', 'c', 'common law', '', 'm', '', 'alive', '', NULL, '', NULL, NULL, '', 'P0003', NULL, '', '2012-07-31 18:54:27', 4, 1, 39, '2012-07-31 18:54:27'),
(3, '', '', '', '', '1970-07-01', 'c', 'common law', '', 'm', '', 'alive', '', NULL, '', NULL, NULL, '', 'P0003', NULL, '', '2012-07-31 18:54:58', 4, 1, 40, '2012-07-31 18:54:58'),
(3, '', '', '', '', '1970-07-01', 'c', 'common law', '', 'm', '', 'alive', '', NULL, '', NULL, NULL, '', 'P0003', NULL, '', '2012-07-31 18:55:28', 4, 1, 41, '2012-07-31 18:55:28'),
(2, 'Mr.', 'Robert', '', 'Azerty', '1942-01-01', 'c', '', '', 'm', '', 'alive', '', NULL, '', NULL, NULL, '', 'P0002', NULL, '', '2012-07-31 18:56:09', 4, 1, 42, '2012-07-31 18:56:09'),
(3, '', '', '', '', '1970-07-01', 'c', 'common law', '', 'm', '', 'alive', '', NULL, '', NULL, NULL, '', 'P0003', NULL, '', '2012-07-31 18:59:17', 4, 1, 43, '2012-07-31 18:59:18'),
(3, '', '', '', '', '1970-07-01', 'c', 'common law', '', 'm', '', 'alive', '', NULL, '', NULL, NULL, '', 'P0003', NULL, '', '2012-07-31 18:59:28', 4, 1, 44, '2012-07-31 18:59:28'),
(2, 'Mr.', 'Robert', '', 'Azerty', '1942-01-01', 'c', '', '', 'm', '', 'alive', '', NULL, '', NULL, NULL, '', 'P0002', NULL, '', '2012-07-31 18:59:38', 4, 1, 45, '2012-07-31 18:59:38'),
(1, 'Mr.', 'John', '', 'Qwerty', '1938-02-24', 'c', 'married', '', 'm', '', 'deceased', '', '2008-01-01', 'c', NULL, NULL, '', 'P0001', '2012-07-24', 'c', '2012-07-31 18:59:48', 4, 1, 46, '2012-07-31 18:59:48'),
(3, 'Mr.', 'J.', '', 'Doe', '1970-07-01', 'c', 'common law', '', 'm', '', 'alive', '', NULL, '', NULL, NULL, '', 'P0003', NULL, '', '2012-08-01 13:18:25', 4, 1, 47, '2012-08-01 13:18:25'),
(3, 'Mr.', 'J.', '', 'Doe', '1970-07-01', 'c', 'common law', '', 'm', '', 'alive', '', NULL, '', NULL, NULL, '', 'P0003', NULL, '', '2012-08-01 13:20:04', 4, 1, 48, '2012-08-01 13:20:04');

INSERT INTO `pd_chemos` (`protocol_master_id`) VALUES
(1);

INSERT INTO `pd_chemos_revs` (`protocol_master_id`, `version_id`, `version_created`) VALUES
(1, 1, '2012-07-31 15:28:36');

INSERT INTO `pe_chemos` (`id`, `method`, `dose`, `frequency`, `created`, `created_by`, `modified`, `modified_by`, `protocol_master_id`, `drug_id`, `deleted`) VALUES
(1, 'IV: Intravenous', '', '', '2012-07-31 15:28:51', 1, '2012-07-31 15:28:51', 1, 1, 1, 0),
(2, 'IV: Intravenous', '', '', '2012-07-31 15:29:00', 1, '2012-07-31 15:29:00', 1, 1, 5, 0);

INSERT INTO `pe_chemos_revs` (`id`, `method`, `dose`, `frequency`, `modified_by`, `protocol_master_id`, `drug_id`, `version_id`, `version_created`) VALUES
(1, 'IV: Intravenous', '', '', 1, 1, 1, 1, '2012-07-31 15:28:52'),
(2, 'IV: Intravenous', '', '', 1, 1, 5, 2, '2012-07-31 15:29:00');

INSERT INTO `protocol_masters` (`id`, `protocol_control_id`, `name`, `notes`, `code`, `arm`, `status`, `expiry`, `expiry_accuracy`, `activated`, `activated_accuracy`, `created`, `created_by`, `modified`, `modified_by`, `form_id`, `deleted`) VALUES
(1, 1, '', '', 'P-009X-39', '', NULL, NULL, '', NULL, '', '2012-07-31 15:28:36', 1, '2012-07-31 15:28:36', 1, NULL, 0);

INSERT INTO `protocol_masters_revs` (`id`, `protocol_control_id`, `name`, `notes`, `code`, `arm`, `status`, `expiry`, `expiry_accuracy`, `activated`, `activated_accuracy`, `modified_by`, `form_id`, `version_id`, `version_created`) VALUES
(1, 1, '', '', 'P-009X-39', '', NULL, NULL, '', NULL, '', 1, NULL, 1, '2012-07-31 15:28:36');

INSERT INTO `quality_ctrls` (`id`, `qc_code`, `sample_master_id`, `type`, `qc_type_precision`, `tool`, `run_id`, `run_by`, `date`, `date_accuracy`, `score`, `unit`, `conclusion`, `notes`, `aliquot_master_id`, `used_volume`, `created`, `created_by`, `modified`, `modified_by`, `deleted`) VALUES
(1, 'QC - 1', 11, 'bioanalyzer', '', 'BioAnalyzer 007', 'QC1993892', 'res. assist. 1', '2012-08-01', 'c', '7', 'RIN', 'good', '', 80, '0.30000', '2012-08-01 13:53:59', 1, '2012-08-01 13:53:59', 1, 0),
(2, 'QC - 2', 13, 'bioanalyzer', '', 'BioAnalyzer 007', 'QC1993892', 'res. assist. 1', '2012-08-01', 'c', '8', 'RIN', 'good', '', 87, '0.30000', '2012-08-01 13:53:59', 1, '2012-08-01 13:53:59', 1, 0),
(3, 'QC - 3', 15, 'bioanalyzer', '', 'BioAnalyzer 007', 'QC1993892', 'res. assist. 1', '2012-08-01', 'c', '7', 'RIN', 'good', '', 91, '0.30000', '2012-08-01 13:53:59', 1, '2012-08-01 13:53:59', 1, 0),
(4, 'QC - 4', 12, 'bioanalyzer', '', 'BioAnalyzer 007', 'QC1993892', 'res. assist. 1', '2012-08-01', 'c', '10', 'RIN', 'very good', '', 96, '0.30000', '2012-08-01 13:53:59', 1, '2012-08-01 13:53:59', 1, 0),
(5, 'QC - 5', 14, 'bioanalyzer', '', 'BioAnalyzer 007', 'QC1993892', 'res. assist. 1', '2012-08-01', 'c', '8', 'RIN', 'good', '', 99, '0.30000', '2012-08-01 13:53:59', 1, '2012-08-01 13:53:59', 1, 0);

INSERT INTO `quality_ctrls_revs` (`id`, `qc_code`, `sample_master_id`, `type`, `qc_type_precision`, `tool`, `run_id`, `run_by`, `date`, `date_accuracy`, `score`, `unit`, `conclusion`, `notes`, `aliquot_master_id`, `used_volume`, `modified_by`, `version_id`, `version_created`) VALUES
(1, NULL, 11, 'bioanalyzer', '', 'BioAnalyzer 007', 'QC1993892', 'res. assist. 1', '2012-08-01', 'c', '7', 'RIN', 'good', '', 80, '0.30000', 1, 1, '2012-08-01 13:53:59'),
(2, NULL, 13, 'bioanalyzer', '', 'BioAnalyzer 007', 'QC1993892', 'res. assist. 1', '2012-08-01', 'c', '8', 'RIN', 'good', '', 87, '0.30000', 1, 2, '2012-08-01 13:53:59'),
(3, NULL, 15, 'bioanalyzer', '', 'BioAnalyzer 007', 'QC1993892', 'res. assist. 1', '2012-08-01', 'c', '7', 'RIN', 'good', '', 91, '0.30000', 1, 3, '2012-08-01 13:53:59'),
(4, NULL, 12, 'bioanalyzer', '', 'BioAnalyzer 007', 'QC1993892', 'res. assist. 1', '2012-08-01', 'c', '10', 'RIN', 'very good', '', 96, '0.30000', 1, 4, '2012-08-01 13:53:59'),
(5, NULL, 14, 'bioanalyzer', '', 'BioAnalyzer 007', 'QC1993892', 'res. assist. 1', '2012-08-01', 'c', '8', 'RIN', 'good', '', 99, '0.30000', 1, 5, '2012-08-01 13:53:59');

INSERT INTO `realiquotings` (`id`, `parent_aliquot_master_id`, `child_aliquot_master_id`, `parent_used_volume`, `realiquoting_datetime`, `realiquoting_datetime_accuracy`, `realiquoted_by`, `lab_book_master_id`, `sync_with_lab_book`, `created`, `created_by`, `modified`, `modified_by`, `deleted`) VALUES
(1, 1, 50, NULL, '2012-03-01 00:00:00', 'h', 'tech. 1', NULL, NULL, '2012-08-01 13:32:10', 1, '2012-08-01 13:32:10', 1, 0),
(2, 1, 51, NULL, '2012-03-01 00:00:00', 'h', 'tech. 1', NULL, NULL, '2012-08-01 13:32:11', 1, '2012-08-01 13:32:11', 1, 0),
(3, 10, 52, NULL, '2012-03-01 00:00:00', 'h', 'tech. 1', NULL, NULL, '2012-08-01 13:32:12', 1, '2012-08-01 13:32:12', 1, 0),
(4, 10, 53, NULL, '2012-03-01 00:00:00', 'h', 'tech. 1', NULL, NULL, '2012-08-01 13:32:13', 1, '2012-08-01 13:32:13', 1, 0),
(5, 11, 54, NULL, '2012-03-01 00:00:00', 'h', 'tech. 1', NULL, NULL, '2012-08-01 13:32:14', 1, '2012-08-01 13:32:14', 1, 0),
(6, 11, 55, NULL, '2012-03-01 00:00:00', 'h', 'tech. 1', NULL, NULL, '2012-08-01 13:32:15', 1, '2012-08-01 13:32:15', 1, 0),
(7, 12, 56, NULL, '2012-03-01 00:00:00', 'h', 'tech. 1', NULL, NULL, '2012-08-01 13:32:16', 1, '2012-08-01 13:32:16', 1, 0),
(8, 12, 57, NULL, '2012-03-01 00:00:00', 'h', 'tech. 1', NULL, NULL, '2012-08-01 13:32:18', 1, '2012-08-01 13:32:18', 1, 0),
(9, 13, 58, NULL, '2012-03-01 00:00:00', 'h', 'tech. 1', NULL, NULL, '2012-08-01 13:32:19', 1, '2012-08-01 13:32:19', 1, 0),
(10, 13, 59, NULL, '2012-03-01 00:00:00', 'h', 'tech. 1', NULL, NULL, '2012-08-01 13:32:20', 1, '2012-08-01 13:32:20', 1, 0),
(11, 14, 60, NULL, '2012-03-01 00:00:00', 'h', 'tech. 1', NULL, NULL, '2012-08-01 13:32:22', 1, '2012-08-01 13:32:22', 1, 0),
(12, 14, 61, NULL, '2012-03-01 00:00:00', 'h', 'tech. 1', NULL, NULL, '2012-08-01 13:32:22', 1, '2012-08-01 13:32:22', 1, 0),
(13, 2, 62, NULL, '2012-03-01 00:00:00', 'h', 'tech. 1', NULL, NULL, '2012-08-01 13:32:24', 1, '2012-08-01 13:32:24', 1, 0),
(14, 2, 63, NULL, '2012-03-01 00:00:00', 'h', 'tech. 1', NULL, NULL, '2012-08-01 13:32:25', 1, '2012-08-01 13:32:25', 1, 0),
(15, 3, 64, NULL, '2012-03-01 00:00:00', 'h', 'tech. 1', NULL, NULL, '2012-08-01 13:32:26', 1, '2012-08-01 13:32:26', 1, 0),
(16, 3, 65, NULL, '2012-03-01 00:00:00', 'h', 'tech. 1', NULL, NULL, '2012-08-01 13:32:27', 1, '2012-08-01 13:32:27', 1, 0),
(17, 4, 66, NULL, '2012-03-01 00:00:00', 'h', 'tech. 1', NULL, NULL, '2012-08-01 13:32:28', 1, '2012-08-01 13:32:28', 1, 0),
(18, 4, 67, NULL, '2012-03-01 00:00:00', 'h', 'tech. 1', NULL, NULL, '2012-08-01 13:32:29', 1, '2012-08-01 13:32:29', 1, 0),
(19, 40, 68, NULL, '2012-03-01 00:00:00', 'h', 'tech. 1', NULL, NULL, '2012-08-01 13:32:30', 1, '2012-08-01 13:32:30', 1, 0),
(20, 40, 69, NULL, '2012-03-01 00:00:00', 'h', 'tech. 1', NULL, NULL, '2012-08-01 13:32:31', 1, '2012-08-01 13:32:31', 1, 0),
(21, 41, 70, NULL, '2012-03-01 00:00:00', 'h', 'tech. 1', NULL, NULL, '2012-08-01 13:32:32', 1, '2012-08-01 13:32:32', 1, 0),
(22, 41, 71, NULL, '2012-03-01 00:00:00', 'h', 'tech. 1', NULL, NULL, '2012-08-01 13:32:33', 1, '2012-08-01 13:32:33', 1, 0),
(23, 5, 72, NULL, '2012-03-01 00:00:00', 'h', 'tech. 1', NULL, NULL, '2012-08-01 13:32:34', 1, '2012-08-01 13:32:34', 1, 0),
(24, 6, 73, NULL, '2012-03-01 00:00:00', 'h', 'tech. 1', NULL, NULL, '2012-08-01 13:32:36', 1, '2012-08-01 13:32:36', 1, 0),
(25, 7, 74, NULL, '2012-03-01 00:00:00', 'h', 'tech. 1', NULL, NULL, '2012-08-01 13:32:37', 1, '2012-08-01 13:32:37', 1, 0),
(26, 8, 75, NULL, '2012-03-01 00:00:00', 'h', 'tech. 1', NULL, NULL, '2012-08-01 13:32:38', 1, '2012-08-01 13:32:38', 1, 0),
(27, 9, 76, NULL, '2012-03-01 00:00:00', 'h', 'tech. 1', NULL, NULL, '2012-08-01 13:32:40', 1, '2012-08-01 13:32:40', 1, 0),
(28, 41, 77, NULL, '2012-08-01 13:42:00', 'c', '', NULL, NULL, '2012-08-01 13:43:35', 1, '2012-08-01 13:43:35', 1, 0),
(29, 14, 78, NULL, '2012-08-01 13:42:00', 'c', '', NULL, NULL, '2012-08-01 13:43:36', 1, '2012-08-01 13:43:36', 1, 0),
(30, 10, 79, NULL, '2012-08-01 13:42:00', 'c', '', NULL, NULL, '2012-08-01 13:43:37', 1, '2012-08-01 13:43:37', 1, 0),
(31, 80, 101, '1.00000', '2012-08-03 07:00:00', 'c', 'tech. 1', NULL, NULL, '2012-08-01 13:55:58', 1, '2012-08-01 13:55:58', 1, 0),
(32, 87, 102, '1.00000', '2012-08-03 07:00:00', 'c', 'tech. 1', NULL, NULL, '2012-08-01 13:56:00', 1, '2012-08-01 13:56:00', 1, 0),
(33, 91, 103, '1.00000', '2012-08-03 07:00:00', 'c', 'tech. 1', NULL, NULL, '2012-08-01 13:56:01', 1, '2012-08-01 13:56:01', 1, 0),
(34, 96, 104, '1.00000', '2012-08-03 07:00:00', 'c', 'tech. 1', NULL, NULL, '2012-08-01 13:56:02', 1, '2012-08-01 13:56:02', 1, 0),
(35, 99, 105, '1.00000', '2012-08-03 07:00:00', 'c', 'tech. 1', NULL, NULL, '2012-08-01 13:56:04', 1, '2012-08-01 13:56:04', 1, 0);

INSERT INTO `realiquotings_revs` (`id`, `parent_aliquot_master_id`, `child_aliquot_master_id`, `parent_used_volume`, `realiquoting_datetime`, `realiquoting_datetime_accuracy`, `realiquoted_by`, `lab_book_master_id`, `sync_with_lab_book`, `modified_by`, `version_id`, `version_created`) VALUES
(1, 1, 50, NULL, '2012-03-01 00:00:00', 'h', 'tech. 1', NULL, NULL, 1, 1, '2012-08-01 13:32:10'),
(2, 1, 51, NULL, '2012-03-01 00:00:00', 'h', 'tech. 1', NULL, NULL, 1, 2, '2012-08-01 13:32:11'),
(3, 10, 52, NULL, '2012-03-01 00:00:00', 'h', 'tech. 1', NULL, NULL, 1, 3, '2012-08-01 13:32:12'),
(4, 10, 53, NULL, '2012-03-01 00:00:00', 'h', 'tech. 1', NULL, NULL, 1, 4, '2012-08-01 13:32:13'),
(5, 11, 54, NULL, '2012-03-01 00:00:00', 'h', 'tech. 1', NULL, NULL, 1, 5, '2012-08-01 13:32:14'),
(6, 11, 55, NULL, '2012-03-01 00:00:00', 'h', 'tech. 1', NULL, NULL, 1, 6, '2012-08-01 13:32:15'),
(7, 12, 56, NULL, '2012-03-01 00:00:00', 'h', 'tech. 1', NULL, NULL, 1, 7, '2012-08-01 13:32:17'),
(8, 12, 57, NULL, '2012-03-01 00:00:00', 'h', 'tech. 1', NULL, NULL, 1, 8, '2012-08-01 13:32:18'),
(9, 13, 58, NULL, '2012-03-01 00:00:00', 'h', 'tech. 1', NULL, NULL, 1, 9, '2012-08-01 13:32:20'),
(10, 13, 59, NULL, '2012-03-01 00:00:00', 'h', 'tech. 1', NULL, NULL, 1, 10, '2012-08-01 13:32:20'),
(11, 14, 60, NULL, '2012-03-01 00:00:00', 'h', 'tech. 1', NULL, NULL, 1, 11, '2012-08-01 13:32:22'),
(12, 14, 61, NULL, '2012-03-01 00:00:00', 'h', 'tech. 1', NULL, NULL, 1, 12, '2012-08-01 13:32:22'),
(13, 2, 62, NULL, '2012-03-01 00:00:00', 'h', 'tech. 1', NULL, NULL, 1, 13, '2012-08-01 13:32:24'),
(14, 2, 63, NULL, '2012-03-01 00:00:00', 'h', 'tech. 1', NULL, NULL, 1, 14, '2012-08-01 13:32:25'),
(15, 3, 64, NULL, '2012-03-01 00:00:00', 'h', 'tech. 1', NULL, NULL, 1, 15, '2012-08-01 13:32:26'),
(16, 3, 65, NULL, '2012-03-01 00:00:00', 'h', 'tech. 1', NULL, NULL, 1, 16, '2012-08-01 13:32:27'),
(17, 4, 66, NULL, '2012-03-01 00:00:00', 'h', 'tech. 1', NULL, NULL, 1, 17, '2012-08-01 13:32:28'),
(18, 4, 67, NULL, '2012-03-01 00:00:00', 'h', 'tech. 1', NULL, NULL, 1, 18, '2012-08-01 13:32:29'),
(19, 40, 68, NULL, '2012-03-01 00:00:00', 'h', 'tech. 1', NULL, NULL, 1, 19, '2012-08-01 13:32:31'),
(20, 40, 69, NULL, '2012-03-01 00:00:00', 'h', 'tech. 1', NULL, NULL, 1, 20, '2012-08-01 13:32:31'),
(21, 41, 70, NULL, '2012-03-01 00:00:00', 'h', 'tech. 1', NULL, NULL, 1, 21, '2012-08-01 13:32:32'),
(22, 41, 71, NULL, '2012-03-01 00:00:00', 'h', 'tech. 1', NULL, NULL, 1, 22, '2012-08-01 13:32:33'),
(23, 5, 72, NULL, '2012-03-01 00:00:00', 'h', 'tech. 1', NULL, NULL, 1, 23, '2012-08-01 13:32:34'),
(24, 6, 73, NULL, '2012-03-01 00:00:00', 'h', 'tech. 1', NULL, NULL, 1, 24, '2012-08-01 13:32:36'),
(25, 7, 74, NULL, '2012-03-01 00:00:00', 'h', 'tech. 1', NULL, NULL, 1, 25, '2012-08-01 13:32:37'),
(26, 8, 75, NULL, '2012-03-01 00:00:00', 'h', 'tech. 1', NULL, NULL, 1, 26, '2012-08-01 13:32:38'),
(27, 9, 76, NULL, '2012-03-01 00:00:00', 'h', 'tech. 1', NULL, NULL, 1, 27, '2012-08-01 13:32:40'),
(28, 41, 77, NULL, '2012-08-01 13:42:00', 'c', '', NULL, NULL, 1, 28, '2012-08-01 13:43:35'),
(29, 14, 78, NULL, '2012-08-01 13:42:00', 'c', '', NULL, NULL, 1, 29, '2012-08-01 13:43:36'),
(30, 10, 79, NULL, '2012-08-01 13:42:00', 'c', '', NULL, NULL, 1, 30, '2012-08-01 13:43:37'),
(31, 80, 101, '1.00000', '2012-08-03 07:00:00', 'c', 'tech. 1', NULL, NULL, 1, 31, '2012-08-01 13:55:58'),
(32, 87, 102, '1.00000', '2012-08-03 07:00:00', 'c', 'tech. 1', NULL, NULL, 1, 32, '2012-08-01 13:56:00'),
(33, 91, 103, '1.00000', '2012-08-03 07:00:00', 'c', 'tech. 1', NULL, NULL, 1, 33, '2012-08-01 13:56:01'),
(34, 96, 104, '1.00000', '2012-08-03 07:00:00', 'c', 'tech. 1', NULL, NULL, 1, 34, '2012-08-01 13:56:03'),
(35, 99, 105, '1.00000', '2012-08-03 07:00:00', 'c', 'tech. 1', NULL, NULL, 1, 35, '2012-08-01 13:56:04');

INSERT INTO `sample_masters` (`id`, `sample_code`, `sample_control_id`, `initial_specimen_sample_id`, `initial_specimen_sample_type`, `collection_id`, `parent_id`, `parent_sample_type`, `sop_master_id`, `product_code`, `is_problematic`, `notes`, `created`, `created_by`, `modified`, `modified_by`, `deleted`) VALUES
(1, '1', 3, 1, 'tissue', 2, NULL, NULL, NULL, NULL, '', '', '2012-07-31 19:31:17', 1, '2012-07-31 19:31:17', 1, 0),
(2, '2', 3, 2, 'tissue', 3, NULL, NULL, NULL, NULL, '', '', '2012-07-31 19:41:26', 1, '2012-07-31 19:41:26', 1, 0),
(3, '3', 2, 3, 'blood', 3, NULL, NULL, NULL, NULL, '', '', '2012-07-31 19:45:40', 1, '2012-07-31 19:45:40', 1, 0),
(4, '4', 7, 3, 'blood', 3, 3, 'blood', NULL, NULL, '', '', '2012-07-31 19:48:32', 1, '2012-07-31 19:48:32', 1, 0),
(5, '5', 12, 3, 'blood', 3, 4, 'blood cell', NULL, NULL, '', '', '2012-07-31 19:49:02', 1, '2012-07-31 19:49:02', 1, 0),
(6, '6', 9, 3, 'blood', 3, 3, 'blood', NULL, NULL, '', '', '2012-07-31 19:51:42', 1, '2012-07-31 19:51:42', 1, 0),
(7, '7', 3, 7, 'tissue', 4, NULL, NULL, NULL, NULL, '', '', '2012-07-31 20:46:10', 1, '2012-07-31 20:46:10', 1, 0),
(8, '8', 2, 8, 'blood', 5, NULL, NULL, NULL, NULL, '', '', '2012-07-31 20:49:39', 1, '2012-07-31 20:49:39', 1, 0),
(9, '9', 3, 9, 'tissue', 5, NULL, NULL, NULL, NULL, '', '', '2012-07-31 20:53:21', 1, '2012-07-31 20:53:21', 1, 0),
(10, '10', 2, 10, 'blood', 1, NULL, NULL, NULL, NULL, '', '', '2012-08-01 13:10:14', 1, '2012-08-01 13:10:28', 1, 0),
(11, '11', 12, 1, 'tissue', 2, 1, 'tissue', NULL, NULL, '', '', '2012-08-01 13:45:32', 1, '2012-08-01 13:45:32', 1, 0),
(12, '12', 12, 2, 'tissue', 3, 2, 'tissue', NULL, NULL, '', '', '2012-08-01 13:45:34', 1, '2012-08-01 13:45:34', 1, 0),
(13, '13', 12, 1, 'tissue', 2, 1, 'tissue', NULL, NULL, '', '', '2012-08-01 13:45:35', 1, '2012-08-01 13:45:35', 1, 0),
(14, '14', 12, 7, 'tissue', 4, 7, 'tissue', NULL, NULL, '', '', '2012-08-01 13:45:36', 1, '2012-08-01 13:45:36', 1, 0),
(15, '15', 12, 1, 'tissue', 2, 1, 'tissue', NULL, NULL, '', '', '2012-08-01 13:45:36', 1, '2012-08-01 13:45:36', 1, 0);

INSERT INTO `sample_masters_revs` (`id`, `sample_code`, `sample_control_id`, `initial_specimen_sample_id`, `initial_specimen_sample_type`, `collection_id`, `parent_id`, `parent_sample_type`, `sop_master_id`, `product_code`, `is_problematic`, `notes`, `modified_by`, `version_id`, `version_created`) VALUES
(1, '1', 3, 1, 'tissue', 2, NULL, NULL, NULL, NULL, '', '', 1, 1, '2012-07-31 19:31:17'),
(2, '2', 3, 2, 'tissue', 3, NULL, NULL, NULL, NULL, '', '', 1, 2, '2012-07-31 19:41:26'),
(3, '3', 2, 3, 'blood', 3, NULL, NULL, NULL, NULL, '', '', 1, 3, '2012-07-31 19:45:40'),
(4, '4', 7, 3, 'blood', 3, 3, 'blood', NULL, NULL, '', '', 1, 4, '2012-07-31 19:48:33'),
(5, '5', 12, 3, 'blood', 3, 4, 'blood cell', NULL, NULL, '', '', 1, 5, '2012-07-31 19:49:02'),
(6, '6', 9, 3, 'blood', 3, 3, 'blood', NULL, NULL, '', '', 1, 6, '2012-07-31 19:51:42'),
(7, '7', 3, 7, 'tissue', 4, NULL, NULL, NULL, NULL, '', '', 1, 7, '2012-07-31 20:46:10'),
(8, '8', 2, 8, 'blood', 5, NULL, NULL, NULL, NULL, '', '', 1, 8, '2012-07-31 20:49:39'),
(9, '9', 3, 9, 'tissue', 5, NULL, NULL, NULL, NULL, '', '', 1, 9, '2012-07-31 20:53:21'),
(10, '10', 2, 10, 'blood', 1, NULL, NULL, NULL, NULL, '', '', 1, 10, '2012-08-01 13:10:14'),
(10, '10', 2, 10, 'blood', 1, NULL, NULL, NULL, NULL, '', '', 1, 11, '2012-08-01 13:10:29'),
(11, '11', 12, 1, 'tissue', 2, 1, 'tissue', NULL, NULL, '', '', 1, 12, '2012-08-01 13:45:32'),
(12, '12', 12, 2, 'tissue', 3, 2, 'tissue', NULL, NULL, '', '', 1, 13, '2012-08-01 13:45:34'),
(13, '13', 12, 1, 'tissue', 2, 1, 'tissue', NULL, NULL, '', '', 1, 14, '2012-08-01 13:45:35'),
(14, '14', 12, 7, 'tissue', 4, 7, 'tissue', NULL, NULL, '', '', 1, 15, '2012-08-01 13:45:36'),
(15, '15', 12, 1, 'tissue', 2, 1, 'tissue', NULL, NULL, '', '', 1, 16, '2012-08-01 13:45:37');

INSERT INTO `sd_der_blood_cells` (`sample_master_id`) VALUES
(4);

INSERT INTO `sd_der_blood_cells_revs` (`sample_master_id`, `version_id`, `version_created`) VALUES
(4, 1, '2012-07-31 19:48:33');

INSERT INTO `sd_der_dnas` (`sample_master_id`) VALUES
(5),
(11),
(12),
(13),
(14),
(15);

INSERT INTO `sd_der_dnas_revs` (`sample_master_id`, `version_id`, `version_created`) VALUES
(5, 1, '2012-07-31 19:49:02'),
(11, 2, '2012-08-01 13:45:33'),
(12, 3, '2012-08-01 13:45:34'),
(13, 4, '2012-08-01 13:45:35'),
(14, 5, '2012-08-01 13:45:36'),
(15, 6, '2012-08-01 13:45:37');

INSERT INTO `sd_der_plasmas` (`sample_master_id`) VALUES
(6);

INSERT INTO `sd_der_plasmas_revs` (`sample_master_id`, `version_id`, `version_created`) VALUES
(6, 1, '2012-07-31 19:51:43');

INSERT INTO `sd_spe_bloods` (`sample_master_id`, `blood_type`, `collected_tube_nbr`, `collected_volume`, `collected_volume_unit`) VALUES
(3, 'EDTA', 3, '12.00000', 'ml'),
(8, 'paxgene', 2, NULL, ''),
(10, 'EDTA', 3, '6.00000', 'ml');

INSERT INTO `sd_spe_bloods_revs` (`sample_master_id`, `blood_type`, `collected_tube_nbr`, `collected_volume`, `collected_volume_unit`, `version_id`, `version_created`) VALUES
(3, 'EDTA', 3, '12.00000', 'ml', 1, '2012-07-31 19:45:41'),
(8, 'paxgene', 2, NULL, '', 2, '2012-07-31 20:49:40'),
(10, 'EDTA', 3, '2.00000', '', 3, '2012-08-01 13:10:15'),
(10, 'EDTA', 3, '6.00000', 'ml', 4, '2012-08-01 13:10:29');

INSERT INTO `sd_spe_tissues` (`sample_master_id`, `tissue_source`, `tissue_nature`, `tissue_laterality`, `pathology_reception_datetime`, `pathology_reception_datetime_accuracy`, `tissue_size`, `tissue_size_unit`, `tissue_weight`, `tissue_weight_unit`) VALUES
(1, '', NULL, 'right', '2012-06-03 10:40:00', 'c', '1x2x1', 'cm', '', ''),
(2, '', NULL, '', NULL, '', '1x1.5x2', 'cm', '', ''),
(7, '', NULL, '', NULL, '', '', '', '', ''),
(9, '', NULL, 'not applicable', NULL, '', '', '', '', '');

INSERT INTO `sd_spe_tissues_revs` (`sample_master_id`, `tissue_source`, `tissue_nature`, `tissue_laterality`, `pathology_reception_datetime`, `pathology_reception_datetime_accuracy`, `tissue_size`, `tissue_size_unit`, `tissue_weight`, `tissue_weight_unit`, `version_id`, `version_created`) VALUES
(1, '', NULL, 'right', '2012-06-03 10:40:00', 'c', '1x2x1', 'cm', '', '', 1, '2012-07-31 19:31:17'),
(2, '', NULL, '', NULL, '', '1x1.5x2', 'cm', '', '', 2, '2012-07-31 19:41:27'),
(7, '', NULL, '', NULL, '', '', '', '', '', 3, '2012-07-31 20:46:10'),
(9, '', NULL, 'not applicable', NULL, '', '', '', '', '', 4, '2012-07-31 20:53:22');

INSERT INTO `shipments` (`id`, `shipment_code`, `recipient`, `facility`, `delivery_street_address`, `delivery_city`, `delivery_province`, `delivery_postal_code`, `delivery_country`, `delivery_phone_number`, `delivery_department_or_door`, `delivery_notes`, `shipping_company`, `shipping_account_nbr`, `tracking`, `datetime_shipped`, `datetime_shipped_accuracy`, `datetime_received`, `datetime_received_accuracy`, `shipped_by`, `created`, `created_by`, `modified`, `modified_by`, `order_id`, `deleted`) VALUES
(1, '778', 'Dr Bond', '', '12 main street', 'Torronto', '', '', '', '001 444 993 3333', '', '', 'Red-Mail', '6728', '', '2012-08-09 00:00:00', 'h', NULL, '', 'res. assist. 1', '2012-08-01 13:59:24', 1, '2012-08-01 13:59:24', 1, 1, 0);

INSERT INTO `shipments_revs` (`id`, `shipment_code`, `recipient`, `facility`, `delivery_street_address`, `delivery_city`, `delivery_province`, `delivery_postal_code`, `delivery_country`, `delivery_phone_number`, `delivery_department_or_door`, `delivery_notes`, `shipping_company`, `shipping_account_nbr`, `tracking`, `datetime_shipped`, `datetime_shipped_accuracy`, `datetime_received`, `datetime_received_accuracy`, `shipped_by`, `modified_by`, `order_id`, `version_id`, `version_created`) VALUES
(1, '778', 'Dr Bond', '', '12 main street', 'Torronto', '', '', '', '001 444 993 3333', '', '', 'Red-Mail', '6728', '', '2012-08-09 00:00:00', 'h', NULL, '', 'res. assist. 1', 1, 1, 1, '2012-08-01 13:59:24');

INSERT INTO `sopd_inventory_alls` (`sop_master_id`) VALUES
(1);

INSERT INTO `sopd_inventory_alls_revs` (`sop_master_id`, `version_id`, `version_created`) VALUES
(1, 1, '2012-07-31 17:57:41');

INSERT INTO `sop_masters` (`id`, `sop_control_id`, `title`, `notes`, `code`, `version`, `status`, `expiry_date`, `expiry_date_accuracy`, `activated_date`, `activated_date_accuracy`, `scope`, `purpose`, `created`, `created_by`, `modified`, `modified_by`, `form_id`, `deleted`) VALUES
(1, 2, 'SOP PR Coll 8948', '', 'spc-8948', '', '', NULL, '', NULL, '', NULL, NULL, '2012-07-31 17:57:40', 1, '2012-07-31 17:57:40', 1, NULL, 0);

INSERT INTO `sop_masters_revs` (`id`, `sop_control_id`, `title`, `notes`, `code`, `version`, `status`, `expiry_date`, `expiry_date_accuracy`, `activated_date`, `activated_date_accuracy`, `scope`, `purpose`, `modified_by`, `form_id`, `version_id`, `version_created`) VALUES
(1, 2, 'SOP PR Coll 8948', '', 'spc-8948', '', '', NULL, '', NULL, '', NULL, NULL, 1, NULL, 1, '2012-07-31 17:57:41');

INSERT INTO `source_aliquots` (`id`, `sample_master_id`, `aliquot_master_id`, `used_volume`, `created`, `created_by`, `modified`, `modified_by`, `deleted`) VALUES
(1, 11, 1, NULL, '2012-08-01 13:45:33', 1, '2012-08-01 13:45:33', 1, 0),
(2, 12, 12, NULL, '2012-08-01 13:45:34', 1, '2012-08-01 13:45:34', 1, 0),
(3, 13, 2, NULL, '2012-08-01 13:45:35', 1, '2012-08-01 13:45:35', 1, 0),
(4, 14, 40, NULL, '2012-08-01 13:45:36', 1, '2012-08-01 13:45:36', 1, 0),
(5, 15, 7, NULL, '2012-08-01 13:45:37', 1, '2012-08-01 13:45:37', 1, 0);

INSERT INTO `source_aliquots_revs` (`id`, `sample_master_id`, `aliquot_master_id`, `used_volume`, `modified_by`, `version_id`, `version_created`) VALUES
(1, 11, 1, NULL, 1, 1, '2012-08-01 13:45:33'),
(2, 12, 12, NULL, 1, 2, '2012-08-01 13:45:34'),
(3, 13, 2, NULL, 1, 3, '2012-08-01 13:45:35'),
(4, 14, 40, NULL, 1, 4, '2012-08-01 13:45:36'),
(5, 15, 7, NULL, 1, 5, '2012-08-01 13:45:37');

INSERT INTO `specimen_details` (`sample_master_id`, `supplier_dept`, `time_at_room_temp_mn`, `reception_by`, `reception_datetime`, `reception_datetime_accuracy`) VALUES
(1, 'patho dpt', 12, '', '2012-07-03 11:15:00', 'c'),
(2, 'surgery room', 0, 'tech. 1', '2010-03-01 00:00:00', 'd'),
(3, 'surgery room', NULL, 'tech. 1', '2019-03-01 00:00:00', 'd'),
(7, 'patho dpt', 2, 'tech. 1', '2004-06-05 10:30:00', 'c'),
(8, '', NULL, '', '2008-08-06 12:45:00', 'c'),
(9, 'patho dpt', NULL, 'res. assist. 1', '2008-08-06 12:45:00', 'c'),
(10, '', NULL, '', '2001-06-23 00:00:00', 'h');

INSERT INTO `specimen_details_revs` (`sample_master_id`, `supplier_dept`, `time_at_room_temp_mn`, `reception_by`, `reception_datetime`, `reception_datetime_accuracy`, `version_id`, `version_created`) VALUES
(1, 'patho dpt', 12, '', '2012-07-03 11:15:00', 'c', 1, '2012-07-31 19:31:17'),
(2, 'surgery room', 0, 'tech. 1', '2010-03-01 00:00:00', 'd', 2, '2012-07-31 19:41:27'),
(3, 'surgery room', NULL, 'tech. 1', '2019-03-01 00:00:00', 'd', 3, '2012-07-31 19:45:41'),
(7, 'patho dpt', 2, 'tech. 1', '2004-06-05 10:30:00', 'c', 4, '2012-07-31 20:46:11'),
(8, '', NULL, '', '2008-08-06 12:45:00', 'c', 5, '2012-07-31 20:49:40'),
(9, 'patho dpt', NULL, 'res. assist. 1', '2008-08-06 12:45:00', 'c', 6, '2012-07-31 20:53:22'),
(10, '', NULL, '', '2001-06-23 00:00:00', 'h', 7, '2012-08-01 13:10:15'),
(10, '', NULL, '', '2001-06-23 00:00:00', 'h', 8, '2012-08-01 13:10:29');

INSERT INTO `std_boxs` (`storage_master_id`) VALUES
(11),
(12),
(13),
(14),
(19),
(20),
(26),
(27),
(28),
(29),
(30),
(31);

INSERT INTO `std_boxs_revs` (`storage_master_id`, `version_id`, `version_created`) VALUES
(11, 1, '2012-07-31 18:01:00'),
(12, 2, '2012-07-31 18:01:12'),
(13, 3, '2012-07-31 18:01:41'),
(14, 4, '2012-07-31 18:03:06'),
(19, 5, '2012-07-31 18:05:07'),
(20, 6, '2012-07-31 18:05:14'),
(26, 7, '2012-07-31 18:06:37'),
(27, 8, '2012-07-31 18:06:52'),
(28, 9, '2012-07-31 18:06:59'),
(29, 10, '2012-07-31 18:07:08'),
(26, 11, '2012-07-31 18:07:27'),
(27, 12, '2012-07-31 18:07:27'),
(28, 13, '2012-07-31 18:07:28'),
(29, 14, '2012-07-31 18:07:28'),
(11, 15, '2012-07-31 18:08:11'),
(12, 16, '2012-07-31 18:08:40'),
(11, 17, '2012-07-31 18:09:36'),
(14, 18, '2012-07-31 18:10:03'),
(14, 19, '2012-07-31 18:10:53'),
(30, 20, '2012-07-31 19:33:18'),
(31, 21, '2012-07-31 19:43:50'),
(13, 22, '2012-07-31 19:47:04');

INSERT INTO `std_cupboards` (`storage_master_id`) VALUES
(15);

INSERT INTO `std_cupboards_revs` (`storage_master_id`, `version_id`, `version_created`) VALUES
(15, 1, '2012-07-31 18:04:25');

INSERT INTO `std_freezers` (`storage_master_id`) VALUES
(1),
(21);

INSERT INTO `std_freezers_revs` (`storage_master_id`, `version_id`, `version_created`) VALUES
(1, 1, '2012-07-31 17:58:22'),
(21, 2, '2012-07-31 18:05:46'),
(1, 3, '2012-07-31 19:47:00');

INSERT INTO `std_racks` (`storage_master_id`) VALUES
(5),
(6),
(7),
(8),
(9),
(10),
(22),
(23),
(24),
(25);

INSERT INTO `std_racks_revs` (`storage_master_id`, `version_id`, `version_created`) VALUES
(5, 1, '2012-07-31 17:59:25'),
(6, 2, '2012-07-31 17:59:34'),
(7, 3, '2012-07-31 17:59:43'),
(8, 4, '2012-07-31 18:00:05'),
(9, 5, '2012-07-31 18:00:11'),
(10, 6, '2012-07-31 18:00:17'),
(22, 7, '2012-07-31 18:06:00'),
(23, 8, '2012-07-31 18:06:05'),
(24, 9, '2012-07-31 18:06:12'),
(25, 10, '2012-07-31 18:06:20'),
(5, 11, '2012-07-31 19:47:01'),
(6, 12, '2012-07-31 19:47:02'),
(7, 13, '2012-07-31 19:47:02'),
(8, 14, '2012-07-31 19:47:03'),
(9, 15, '2012-07-31 19:47:03'),
(10, 16, '2012-07-31 19:47:03');

INSERT INTO `std_shelfs` (`storage_master_id`) VALUES
(2),
(3),
(4),
(16),
(17),
(18);

INSERT INTO `std_shelfs_revs` (`storage_master_id`, `version_id`, `version_created`) VALUES
(2, 1, '2012-07-31 17:58:49'),
(3, 2, '2012-07-31 17:58:55'),
(4, 3, '2012-07-31 17:59:01'),
(16, 4, '2012-07-31 18:04:39'),
(17, 5, '2012-07-31 18:04:44'),
(18, 6, '2012-07-31 18:04:52'),
(2, 7, '2012-07-31 19:47:00'),
(3, 8, '2012-07-31 19:47:00'),
(4, 9, '2012-07-31 19:47:01');

INSERT INTO `std_tma_blocks` (`storage_master_id`, `sop_master_id`, `product_code`, `creation_datetime`, `creation_datetime_accuracy`) VALUES
(32, NULL, NULL, '2012-03-01 00:00:00', 'h');

INSERT INTO `std_tma_blocks_revs` (`storage_master_id`, `sop_master_id`, `product_code`, `creation_datetime`, `creation_datetime_accuracy`, `version_id`, `version_created`) VALUES
(32, NULL, NULL, '2012-03-01 00:00:00', 'h', 1, '2012-08-01 13:26:06');

INSERT INTO `storage_masters` (`id`, `code`, `storage_control_id`, `parent_id`, `lft`, `rght`, `barcode`, `short_label`, `selection_label`, `storage_status`, `parent_storage_coord_x`, `parent_storage_coord_y`, `temperature`, `temp_unit`, `notes`, `created`, `created_by`, `modified`, `modified_by`, `deleted`) VALUES
(1, '1', 6, NULL, 1, 22, NULL, 'fre', 'fre', '', '', '', '4.50', 'celsius', '', '2012-07-31 17:58:21', 1, '2012-07-31 19:46:59', 1, 0),
(2, '2', 14, 1, 2, 9, NULL, '1', 'fre-1', '', '', '', '4.50', 'celsius', '', '2012-07-31 17:58:49', 1, '2012-07-31 19:47:00', 1, 0),
(3, '3', 14, 1, 10, 19, NULL, '2', 'fre-2', '', '', '', '4.50', 'celsius', '', '2012-07-31 17:58:55', 1, '2012-07-31 19:47:00', 1, 0),
(4, '4', 14, 1, 20, 21, NULL, '3', 'fre-3', '', '', '', '4.50', 'celsius', '', '2012-07-31 17:59:01', 1, '2012-07-31 19:47:01', 1, 0),
(5, '5', 12, 2, 3, 4, NULL, 'r1', 'fre-1-r1', '', '', '', '4.50', 'celsius', '', '2012-07-31 17:59:25', 1, '2012-07-31 19:47:01', 1, 0),
(6, '6', 12, 2, 5, 6, NULL, 'r2', 'fre-1-r2', '', '', '', '4.50', 'celsius', '', '2012-07-31 17:59:34', 1, '2012-07-31 19:47:02', 1, 0),
(7, '7', 12, 2, 7, 8, NULL, 'r3', 'fre-1-r3', '', '', '', '4.50', 'celsius', '', '2012-07-31 17:59:43', 1, '2012-07-31 19:47:02', 1, 0),
(8, '8', 12, 3, 11, 12, NULL, 'r1', 'fre-2-r1', '', '', '', '4.50', 'celsius', '', '2012-07-31 18:00:05', 1, '2012-07-31 19:47:02', 1, 0),
(9, '9', 12, 3, 13, 16, NULL, 'r2', 'fre-2-r2', '', '', '', '4.50', 'celsius', '', '2012-07-31 18:00:11', 1, '2012-07-31 19:47:03', 1, 0),
(10, '10', 12, 3, 17, 18, NULL, 'r3', 'fre-2-r3', '', '', '', '4.50', 'celsius', '', '2012-07-31 18:00:17', 1, '2012-07-31 19:47:03', 1, 0),
(11, '11', 9, 24, 49, 50, NULL, 'dna9', 'F-3-dna9', '', '2', '', '-82.00', 'celsius', '', '2012-07-31 18:01:00', 1, '2012-07-31 18:09:35', 1, 0),
(12, '12', 9, 23, 41, 42, NULL, 'dna10', 'F-2-dna10', '', '2', '', '-82.00', 'celsius', '', '2012-07-31 18:01:11', 1, '2012-07-31 18:08:40', 1, 0),
(13, '13', 9, 9, 14, 15, NULL, 'blood6', 'fre-2-r2-blood6', '', '1', '', '4.50', 'celsius', '', '2012-07-31 18:01:40', 1, '2012-07-31 19:47:04', 1, 0),
(14, '14', 10, 24, 51, 52, NULL, 'tiss1', 'F-3-tiss1', '', '1', '', '-82.00', 'celsius', '', '2012-07-31 18:03:06', 1, '2012-07-31 18:10:53', 1, 0),
(15, '15', 2, NULL, 23, 36, NULL, 'c', 'c', '', '', '', NULL, NULL, '', '2012-07-31 18:04:25', 1, '2012-07-31 18:04:25', 1, 0),
(16, '16', 14, 15, 24, 25, NULL, '1', 'c-1', '', '', '', NULL, NULL, '', '2012-07-31 18:04:39', 1, '2012-07-31 18:04:39', 1, 0),
(17, '17', 14, 15, 26, 27, NULL, '2', 'c-2', '', '', '', NULL, NULL, '', '2012-07-31 18:04:44', 1, '2012-07-31 18:04:44', 1, 0),
(18, '18', 14, 15, 28, 35, NULL, '3', 'c-3', '', '', '', NULL, NULL, '', '2012-07-31 18:04:51', 1, '2012-07-31 18:04:51', 1, 0),
(19, '19', 8, 18, 29, 30, NULL, 'blck', 'c-3-blck', '', '', '', NULL, NULL, '', '2012-07-31 18:05:07', 1, '2012-07-31 18:05:07', 1, 0),
(20, '20', 8, 18, 31, 34, NULL, 'TMA', 'c-3-TMA', '', '', '', NULL, NULL, '', '2012-07-31 18:05:13', 1, '2012-07-31 18:05:13', 1, 0),
(21, '21', 6, NULL, 37, 64, NULL, 'F', 'F', '', '', '', '-82.00', 'celsius', '', '2012-07-31 18:05:46', 1, '2012-07-31 18:05:46', 1, 0),
(22, '22', 15, 21, 38, 39, NULL, '1', 'F-1', '', '', '', '-82.00', 'celsius', '', '2012-07-31 18:06:00', 1, '2012-07-31 18:06:00', 1, 0),
(23, '23', 15, 21, 40, 47, NULL, '2', 'F-2', '', '', '', '-82.00', 'celsius', '', '2012-07-31 18:06:05', 1, '2012-07-31 18:06:05', 1, 0),
(24, '24', 15, 21, 48, 53, NULL, '3', 'F-3', '', '', '', '-82.00', 'celsius', '', '2012-07-31 18:06:11', 1, '2012-07-31 18:06:11', 1, 0),
(25, '25', 15, 21, 54, 63, NULL, '4', 'F-4', '', '', '', '-82.00', 'celsius', '', '2012-07-31 18:06:17', 1, '2012-07-31 18:06:17', 1, 0),
(26, '26', 10, 25, 55, 56, NULL, 'plasma1', 'F-4-plasma1', '', '4', '', '-82.00', 'celsius', '', '2012-07-31 18:06:37', 1, '2012-07-31 18:07:27', 1, 0),
(27, '27', 10, 25, 57, 58, NULL, 'plasma2', 'F-4-plasma2', '', '2', '', '-82.00', 'celsius', '', '2012-07-31 18:06:51', 1, '2012-07-31 18:07:27', 1, 0),
(28, '28', 10, 25, 59, 60, NULL, 'plasma3', 'F-4-plasma3', '', '3', '', '-82.00', 'celsius', '', '2012-07-31 18:06:59', 1, '2012-07-31 18:07:28', 1, 0),
(29, '29', 10, 25, 61, 62, NULL, 'plasma4', 'F-4-plasma4', '', '1', '', '-82.00', 'celsius', '', '2012-07-31 18:07:08', 1, '2012-07-31 18:07:28', 1, 0),
(30, '30', 8, 23, 43, 44, NULL, 'blck', 'F-2-blck', '', '', '', '-82.00', 'celsius', '', '2012-07-31 19:33:17', 1, '2012-07-31 19:33:17', 1, 0),
(31, '31', 9, 23, 45, 46, NULL, 'TisTb', 'F-2-TisTb', '', '11', '', '-82.00', 'celsius', '', '2012-07-31 19:43:49', 1, '2012-07-31 19:43:49', 1, 0),
(32, '32', 20, 20, 32, 33, NULL, 'TMA-Proj.3', 'c-3-TMA-TMA-Proj.3', '', '', '', NULL, NULL, '', '2012-08-01 13:26:06', 1, '2012-08-01 13:26:06', 1, 0);

INSERT INTO `storage_masters_revs` (`id`, `code`, `storage_control_id`, `parent_id`, `lft`, `rght`, `barcode`, `short_label`, `selection_label`, `storage_status`, `parent_storage_coord_x`, `parent_storage_coord_y`, `temperature`, `temp_unit`, `notes`, `modified_by`, `version_id`, `version_created`) VALUES
(1, '1', 6, NULL, 1, 2, NULL, 'f', 'f', '', '', '', '4.50', 'celsius', '', 1, 1, '2012-07-31 17:58:22'),
(2, '2', 14, 1, 0, 0, NULL, '1', 'f-1', '', '', '', '4.50', 'celsius', '', 1, 2, '2012-07-31 17:58:49'),
(3, '3', 14, 1, 0, 0, NULL, '2', 'f-2', '', '', '', '4.50', 'celsius', '', 1, 3, '2012-07-31 17:58:55'),
(4, '4', 14, 1, 0, 0, NULL, '3', 'f-3', '', '', '', '4.50', 'celsius', '', 1, 4, '2012-07-31 17:59:01'),
(5, '5', 12, 2, 0, 0, NULL, 'r1', 'f-1-r1', '', '', '', '4.50', 'celsius', '', 1, 5, '2012-07-31 17:59:25'),
(6, '6', 12, 2, 0, 0, NULL, 'r2', 'f-1-r2', '', '', '', '4.50', 'celsius', '', 1, 6, '2012-07-31 17:59:34'),
(7, '7', 12, 2, 0, 0, NULL, 'r3', 'f-1-r3', '', '', '', '4.50', 'celsius', '', 1, 7, '2012-07-31 17:59:43'),
(8, '8', 12, 3, 0, 0, NULL, 'r1', 'f-2-r1', '', '', '', '4.50', 'celsius', '', 1, 8, '2012-07-31 18:00:05'),
(9, '9', 12, 3, 0, 0, NULL, 'r2', 'f-2-r2', '', '', '', '4.50', 'celsius', '', 1, 9, '2012-07-31 18:00:11'),
(10, '10', 12, 3, 0, 0, NULL, 'r3', 'f-2-r3', '', '', '', '4.50', 'celsius', '', 1, 10, '2012-07-31 18:00:17'),
(11, '11', 9, 8, 0, 0, NULL, 'dna9', 'f-2-r1-dna9', '', '1', '', '4.50', 'celsius', '', 1, 11, '2012-07-31 18:01:00'),
(12, '12', 9, 8, 0, 0, NULL, 'dna10', 'f-2-r1-dna10', '', '2', '', '4.50', 'celsius', '', 1, 12, '2012-07-31 18:01:11'),
(13, '13', 9, 9, 0, 0, NULL, 'blood6', 'f-2-r2-blood6', '', '1', '', '4.50', 'celsius', '', 1, 13, '2012-07-31 18:01:40'),
(14, '14', 10, 8, 0, 0, NULL, 'tiss1', 'f-2-r1-tiss1', '', '3', '', '4.50', 'celsius', '', 1, 14, '2012-07-31 18:03:06'),
(15, '15', 2, NULL, 29, 30, NULL, 'c', 'c', '', '', '', NULL, NULL, '', 1, 15, '2012-07-31 18:04:25'),
(16, '16', 14, 15, 0, 0, NULL, '1', 'c-1', '', '', '', NULL, NULL, '', 1, 16, '2012-07-31 18:04:39'),
(17, '17', 14, 15, 0, 0, NULL, '2', 'c-2', '', '', '', NULL, NULL, '', 1, 17, '2012-07-31 18:04:44'),
(18, '18', 14, 15, 0, 0, NULL, '3', 'c-3', '', '', '', NULL, NULL, '', 1, 18, '2012-07-31 18:04:51'),
(19, '19', 8, 18, 0, 0, NULL, 'blck', 'c-3-blck', '', '', '', NULL, NULL, '', 1, 19, '2012-07-31 18:05:07'),
(20, '20', 8, 18, 0, 0, NULL, 'TMA', 'c-3-TMA', '', '', '', NULL, NULL, '', 1, 20, '2012-07-31 18:05:13'),
(21, '21', 6, NULL, 41, 42, NULL, 'F', 'F', '', '', '', '-82.00', 'celsius', '', 1, 21, '2012-07-31 18:05:46'),
(22, '22', 15, 21, 0, 0, NULL, '1', 'F-1', '', '', '', '-82.00', 'celsius', '', 1, 22, '2012-07-31 18:06:00'),
(23, '23', 15, 21, 0, 0, NULL, '2', 'F-2', '', '', '', '-82.00', 'celsius', '', 1, 23, '2012-07-31 18:06:05'),
(24, '24', 15, 21, 0, 0, NULL, '3', 'F-3', '', '', '', '-82.00', 'celsius', '', 1, 24, '2012-07-31 18:06:11'),
(25, '25', 15, 21, 0, 0, NULL, '4', 'F-4', '', '', '', '-82.00', 'celsius', '', 1, 25, '2012-07-31 18:06:18'),
(26, '26', 10, 25, 0, 0, NULL, 'plasma1', 'F-4-plasma1', '', '', '', '-82.00', 'celsius', '', 1, 26, '2012-07-31 18:06:37'),
(27, '27', 10, 25, 0, 0, NULL, 'plasma2', 'F-4-plasma2', '', '2', '', '-82.00', 'celsius', '', 1, 27, '2012-07-31 18:06:51'),
(28, '28', 10, 25, 0, 0, NULL, 'plasma3', 'F-4-plasma3', '', '', '', '-82.00', 'celsius', '', 1, 28, '2012-07-31 18:06:59'),
(29, '29', 10, 25, 0, 0, NULL, 'plasma4', 'F-4-plasma4', '', '', '', '-82.00', 'celsius', '', 1, 29, '2012-07-31 18:07:08'),
(26, '26', 10, 25, 49, 50, NULL, 'plasma1', 'F-4-plasma1', '', '4', '', '-82.00', 'celsius', '', 1, 30, '2012-07-31 18:07:27'),
(27, '27', 10, 25, 51, 52, NULL, 'plasma2', 'F-4-plasma2', '', '2', '', '-82.00', 'celsius', '', 1, 31, '2012-07-31 18:07:27'),
(28, '28', 10, 25, 53, 54, NULL, 'plasma3', 'F-4-plasma3', '', '3', '', '-82.00', 'celsius', '', 1, 32, '2012-07-31 18:07:28'),
(29, '29', 10, 25, 55, 56, NULL, 'plasma4', 'F-4-plasma4', '', '1', '', '-82.00', 'celsius', '', 1, 33, '2012-07-31 18:07:28'),
(11, '11', 9, 6, 12, 13, NULL, 'dna9', 'f-1-r2-dna9', '', '1', '', '4.50', 'celsius', '', 1, 34, '2012-07-31 18:08:10'),
(12, '12', 9, 23, 14, 15, NULL, 'dna10', 'F-2-dna10', '', '2', '', '-82.00', 'celsius', '', 1, 35, '2012-07-31 18:08:40'),
(11, '11', 9, 24, 6, 7, NULL, 'dna9', 'F-3-dna9', '', '2', '', '-82.00', 'celsius', '', 1, 36, '2012-07-31 18:09:35'),
(14, '14', 10, 24, 12, 13, NULL, 'tiss1', 'F-3-tiss1', '', '2', '', '-82.00', 'celsius', '', 1, 37, '2012-07-31 18:10:03'),
(14, '14', 10, 24, 45, 46, NULL, 'tiss1', 'F-3-tiss1', '', '1', '', '-82.00', 'celsius', '', 1, 38, '2012-07-31 18:10:53'),
(30, '30', 8, 23, 0, 0, NULL, 'blck', 'F-2-blck', '', '', '', '-82.00', 'celsius', '', 1, 39, '2012-07-31 19:33:18'),
(31, '31', 9, 23, 0, 0, NULL, 'TisTb', 'F-2-TisTb', '', '11', '', '-82.00', 'celsius', '', 1, 40, '2012-07-31 19:43:49'),
(1, '1', 6, NULL, 1, 22, NULL, 'fre', 'fre', '', '', '', '4.50', 'celsius', '', 1, 41, '2012-07-31 19:46:59'),
(2, '2', 14, 1, 2, 9, NULL, '1', 'fre-1', '', '', '', '4.50', 'celsius', '', 1, 42, '2012-07-31 19:47:00'),
(3, '3', 14, 1, 10, 19, NULL, '2', 'fre-2', '', '', '', '4.50', 'celsius', '', 1, 43, '2012-07-31 19:47:00'),
(4, '4', 14, 1, 20, 21, NULL, '3', 'fre-3', '', '', '', '4.50', 'celsius', '', 1, 44, '2012-07-31 19:47:01'),
(5, '5', 12, 2, 3, 4, NULL, 'r1', 'fre-1-r1', '', '', '', '4.50', 'celsius', '', 1, 45, '2012-07-31 19:47:01'),
(6, '6', 12, 2, 5, 6, NULL, 'r2', 'fre-1-r2', '', '', '', '4.50', 'celsius', '', 1, 46, '2012-07-31 19:47:02'),
(7, '7', 12, 2, 7, 8, NULL, 'r3', 'fre-1-r3', '', '', '', '4.50', 'celsius', '', 1, 47, '2012-07-31 19:47:02'),
(8, '8', 12, 3, 11, 12, NULL, 'r1', 'fre-2-r1', '', '', '', '4.50', 'celsius', '', 1, 48, '2012-07-31 19:47:02'),
(9, '9', 12, 3, 13, 16, NULL, 'r2', 'fre-2-r2', '', '', '', '4.50', 'celsius', '', 1, 49, '2012-07-31 19:47:03'),
(10, '10', 12, 3, 17, 18, NULL, 'r3', 'fre-2-r3', '', '', '', '4.50', 'celsius', '', 1, 50, '2012-07-31 19:47:03'),
(13, '13', 9, 9, 14, 15, NULL, 'blood6', 'fre-2-r2-blood6', '', '1', '', '4.50', 'celsius', '', 1, 51, '2012-07-31 19:47:04'),
(32, '32', 20, 20, 0, 0, NULL, 'TMA-Proj.3', 'c-3-TMA-TMA-Proj.3', '', '', '', NULL, NULL, '', 1, 52, '2012-08-01 13:26:06');

INSERT INTO `structure_permissible_values_customs` (`id`, `control_id`, `value`, `en`, `fr`, `display_order`, `use_as_input`, `created`, `created_by`, `modified`, `modified_by`, `deleted`) VALUES
(null, 7, 'v1.0', '', '', 0, 1, '2012-07-31 15:17:23', 1, '2012-07-31 15:17:23', 1, 0),
(null, 7, 'v2.0', '', '', 0, 1, '2012-07-31 15:17:35', 1, '2012-07-31 15:17:35', 1, 0),
(null, 3, 'surg room 1', '', '', 0, 1, '2012-07-31 15:46:23', 1, '2012-07-31 15:46:23', 1, 0),
(null, 3, 'surg  room 2', '', '', 0, 1, '2012-07-31 15:46:38', 1, '2012-07-31 15:46:38', 1, 0),
(null, 1, 'res. assist. 1', '', '', 0, 1, '2012-07-31 15:49:10', 1, '2012-07-31 15:49:10', 1, 0),
(null, 1, 'tech. 2', '', '', 0, 1, '2012-07-31 15:49:10', 1, '2012-07-31 15:49:10', 1, 0),
(null, 1, 'tech. 1', '', '', 0, 1, '2012-07-31 15:49:10', 1, '2012-07-31 15:49:10', 1, 0),
(null, 2, 'r523', '', '', 0, 1, '2012-07-31 15:49:53', 1, '2012-07-31 15:49:53', 1, 0),
(null, 2, 'r644', '', '', 0, 1, '2012-07-31 15:49:53', 1, '2012-07-31 15:49:53', 1, 0),
(null, 2, 'r645', '', '', 0, 1, '2012-07-31 15:49:53', 1, '2012-07-31 15:49:53', 1, 0),
(null, 5, 'Spect 99', '', '', 0, 1, '2012-07-31 17:55:58', 1, '2012-07-31 17:55:58', 1, 0),
(null, 5, 'BioAnalyzer 007', '', '', 0, 1, '2012-07-31 17:55:58', 1, '2012-07-31 17:55:58', 1, 0),
(null, 4, 'patho dpt', '', '', 0, 1, '2012-07-31 19:30:16', 1, '2012-07-31 19:30:16', 1, 0),
(null, 4, 'surgery room', '', '', 0, 1, '2012-07-31 19:30:16', 1, '2012-07-31 19:30:16', 1, 0);


INSERT INTO `study_summaries` (`id`, `disease_site`, `study_type`, `study_science`, `study_use`, `title`, `start_date`, `start_date_accuracy`, `end_date`, `end_date_accuracy`, `summary`, `abstract`, `hypothesis`, `approach`, `analysis`, `significance`, `additional_clinical`, `created`, `created_by`, `modified`, `modified_by`, `path_to_file`, `deleted`) VALUES
(1, 'male genital - prostate', NULL, NULL, NULL, 'TT PROST', NULL, '', NULL, '', '', NULL, NULL, NULL, NULL, NULL, NULL, '2012-07-31 17:56:39', 1, '2012-07-31 17:56:39', 1, NULL, 0),
(2, 'digestive - pancreas', NULL, NULL, NULL, 'PORSMABO', NULL, '', NULL, '', '', NULL, NULL, NULL, NULL, NULL, NULL, '2012-07-31 17:56:53', 1, '2012-07-31 17:56:53', 1, NULL, 0);

INSERT INTO `study_summaries_revs` (`id`, `disease_site`, `study_type`, `study_science`, `study_use`, `title`, `start_date`, `start_date_accuracy`, `end_date`, `end_date_accuracy`, `summary`, `abstract`, `hypothesis`, `approach`, `analysis`, `significance`, `additional_clinical`, `modified_by`, `path_to_file`, `version_id`, `version_created`) VALUES
(1, 'male genital - prostate', NULL, NULL, NULL, 'TT PROST', NULL, '', NULL, '', '', NULL, NULL, NULL, NULL, NULL, NULL, 1, NULL, 1, '2012-07-31 17:56:39'),
(2, 'digestive - pancreas', NULL, NULL, NULL, 'PORSMABO', NULL, '', NULL, '', '', NULL, NULL, NULL, NULL, NULL, NULL, 1, NULL, 2, '2012-07-31 17:56:53');

INSERT INTO `treatment_masters` (`id`, `treatment_control_id`, `tx_intent`, `target_site_icdo`, `start_date`, `start_date_accuracy`, `finish_date`, `finish_date_accuracy`, `information_source`, `facility`, `notes`, `protocol_master_id`, `participant_id`, `diagnosis_master_id`, `created`, `created_by`, `modified`, `modified_by`, `deleted`) VALUES
(1, 1, 'curative', NULL, '1978-11-01', 'd', '1979-03-01', 'd', 'path report', '', '', NULL, 1, 1, '2012-07-31 15:22:13', 1, '2012-07-31 15:22:13', 1, 0),
(2, 3, 'curative', NULL, '2001-06-23', 'c', NULL, '', 'path report', '', '', NULL, 1, 3, '2012-07-31 15:34:07', 1, '2012-07-31 15:34:07', 1, 0),
(3, 1, 'curative', NULL, '2001-12-01', 'd', NULL, '', '', '', '', NULL, 1, 3, '2012-07-31 15:35:52', 1, '2012-07-31 15:35:52', 1, 0),
(4, 1, 'curative', NULL, '2002-01-01', 'd', NULL, '', '', '', '', 1, 1, 3, '2012-07-31 15:36:24', 1, '2012-07-31 15:36:24', 1, 0),
(5, 4, 'curative', NULL, '2004-06-05', 'c', NULL, '', '', '', '', NULL, 1, 5, '2012-07-31 15:43:21', 1, '2012-07-31 15:43:21', 1, 0),
(6, 2, '', NULL, '2005-10-01', 'd', NULL, '', '', '', '', NULL, 1, 5, '2012-07-31 15:44:12', 1, '2012-07-31 15:44:12', 1, 0),
(7, 3, 'curative', NULL, '2008-08-06', 'c', NULL, '', 'path report', 'Building A', '', NULL, 2, 6, '2012-07-31 18:51:27', 1, '2012-07-31 18:51:27', 1, 0),
(8, 1, 'curative', NULL, '2008-09-03', 'c', '2008-10-12', 'c', '', '', '', 1, 2, 6, '2012-07-31 18:52:14', 1, '2012-07-31 18:52:14', 1, 0),
(9, 1, '', NULL, '2009-03-01', 'd', NULL, '', '', '', '', 1, 2, 7, '2012-07-31 18:53:17', 1, '2012-07-31 18:53:17', 1, 0);

INSERT INTO `treatment_masters_revs` (`id`, `treatment_control_id`, `tx_intent`, `target_site_icdo`, `start_date`, `start_date_accuracy`, `finish_date`, `finish_date_accuracy`, `information_source`, `facility`, `notes`, `modified_by`, `protocol_master_id`, `participant_id`, `diagnosis_master_id`, `version_id`, `version_created`) VALUES
(1, 1, 'curative', NULL, '1978-11-01', 'd', '1979-03-01', 'd', 'path report', '', '', 1, NULL, 1, 1, 1, '2012-07-31 15:22:13'),
(2, 3, 'curative', NULL, '2001-06-23', 'c', NULL, '', 'path report', '', '', 1, NULL, 1, 3, 2, '2012-07-31 15:34:07'),
(3, 1, 'curative', NULL, '2001-12-01', 'd', NULL, '', '', '', '', 1, NULL, 1, 3, 3, '2012-07-31 15:35:52'),
(4, 1, 'curative', NULL, '2002-01-01', 'd', NULL, '', '', '', '', 1, 1, 1, 3, 4, '2012-07-31 15:36:24'),
(5, 4, 'curative', NULL, '2004-06-05', 'c', NULL, '', '', '', '', 1, NULL, 1, 5, 5, '2012-07-31 15:43:21'),
(6, 2, '', NULL, '2005-10-01', 'd', NULL, '', '', '', '', 1, NULL, 1, 5, 6, '2012-07-31 15:44:12'),
(7, 3, 'curative', NULL, '2008-08-06', 'c', NULL, '', 'path report', 'Building A', '', 1, NULL, 2, 6, 7, '2012-07-31 18:51:27'),
(8, 1, 'curative', NULL, '2008-09-03', 'c', '2008-10-12', 'c', '', '', '', 1, 1, 2, 6, 8, '2012-07-31 18:52:14'),
(9, 1, '', NULL, '2009-03-01', 'd', NULL, '', '', '', '', 1, 1, 2, 7, 9, '2012-07-31 18:53:17');

INSERT INTO `txd_chemos` (`chemo_completed`, `response`, `num_cycles`, `length_cycles`, `completed_cycles`, `treatment_master_id`) VALUES
('yes', 'complete', 3, 2, 3, 1),
('yes', 'stable disease', NULL, NULL, NULL, 3),
('yes', 'stable disease', NULL, NULL, NULL, 4),
('yes', '', NULL, NULL, NULL, 8),
('yes', 'complete', NULL, NULL, NULL, 9);

INSERT INTO `txd_chemos_revs` (`chemo_completed`, `response`, `num_cycles`, `length_cycles`, `completed_cycles`, `treatment_master_id`, `version_id`, `version_created`) VALUES
('yes', 'complete', 3, 2, 3, 1, 1, '2012-07-31 15:22:13'),
('yes', 'stable disease', NULL, NULL, NULL, 3, 2, '2012-07-31 15:35:53'),
('yes', 'stable disease', NULL, NULL, NULL, 4, 3, '2012-07-31 15:36:24'),
('yes', '', NULL, NULL, NULL, 8, 4, '2012-07-31 18:52:15'),
('yes', 'complete', NULL, NULL, NULL, 9, 5, '2012-07-31 18:53:17');

INSERT INTO `txd_radiations` (`rad_completed`, `treatment_master_id`) VALUES
('', 6);

INSERT INTO `txd_radiations_revs` (`rad_completed`, `treatment_master_id`, `version_id`, `version_created`) VALUES
('', 6, 1, '2012-07-31 15:44:13');

INSERT INTO `txd_surgeries` (`path_num`, `primary`, `treatment_master_id`) VALUES
('R78EXC', NULL, 2),
('', NULL, 5),
('P938', NULL, 7);

INSERT INTO `txd_surgeries_revs` (`path_num`, `primary`, `treatment_master_id`, `version_id`, `version_created`) VALUES
('R78EXC', NULL, 2, 1, '2012-07-31 15:34:07'),
('', NULL, 5, 2, '2012-07-31 15:43:21'),
('P938', NULL, 7, 3, '2012-07-31 18:51:27');

INSERT INTO `txe_chemos` (`id`, `dose`, `method`, `drug_id`, `treatment_master_id`, `created`, `created_by`, `modified`, `modified_by`, `deleted`) VALUES
(1, '', 'IV: Intravenous', 1, 1, '2012-07-31 15:29:25', 1, '2012-07-31 15:29:25', 1, 0),
(2, '', 'IV: Intravenous', 3, 1, '2012-07-31 15:29:26', 1, '2012-07-31 15:29:26', 1, 0),
(3, '', 'IV: Intravenous', 1, 4, '2012-07-31 15:36:31', 1, '2012-07-31 15:36:31', 1, 0),
(4, '', 'IV: Intravenous', 5, 4, '2012-07-31 15:36:31', 1, '2012-07-31 15:36:31', 1, 0),
(5, '', 'IV: Intravenous', 1, 8, '2012-07-31 18:52:21', 1, '2012-07-31 18:52:21', 1, 0),
(6, '', 'IV: Intravenous', 5, 8, '2012-07-31 18:52:21', 1, '2012-07-31 18:52:21', 1, 0);

INSERT INTO `txe_chemos_revs` (`id`, `dose`, `method`, `drug_id`, `treatment_master_id`, `modified_by`, `version_id`, `version_created`) VALUES
(1, '', 'IV: Intravenous', 1, 1, 1, 1, '2012-07-31 15:29:25'),
(2, '', 'IV: Intravenous', 3, 1, 1, 2, '2012-07-31 15:29:26'),
(3, '', 'IV: Intravenous', 1, 4, 1, 3, '2012-07-31 15:36:31'),
(4, '', 'IV: Intravenous', 5, 4, 1, 4, '2012-07-31 15:36:31'),
(5, '', 'IV: Intravenous', 1, 8, 1, 5, '2012-07-31 18:52:21'),
(6, '', 'IV: Intravenous', 5, 8, 1, 6, '2012-07-31 18:52:21');

INSERT INTO `txe_surgeries` (`id`, `surgical_procedure`, `treatment_master_id`, `created`, `created_by`, `modified`, `modified_by`, `deleted`) VALUES
(1, 'SURG-90391', 2, '2012-07-31 15:34:32', 1, '2012-07-31 15:34:32', 1, 0);

INSERT INTO `txe_surgeries_revs` (`id`, `surgical_procedure`, `treatment_master_id`, `modified_by`, `version_id`, `version_created`) VALUES
(1, 'SURG-90391', 2, 1, 1, '2012-07-31 15:34:33');

DROP TABLE IF EXISTS view_aliquots;
DROP VIEW IF EXISTS view_aliquots;
DROP TABLE IF EXISTS view_collections;
DROP VIEW IF EXISTS view_collections;
DROP TABLE IF EXISTS view_samples;
DROP VIEW IF EXISTS view_samples;
DROP TABLE IF EXISTS view_storage_masters;
DROP VIEW IF EXISTS view_storage_masters;

SET FOREIGN_KEY_CHECKS=1;

/*!40101 SET CHARACTER_SET_CLIENT=@OLD_CHARACTER_SET_CLIENT */;
/*!40101 SET CHARACTER_SET_RESULTS=@OLD_CHARACTER_SET_RESULTS */;
/*!40101 SET COLLATION_CONNECTION=@OLD_COLLATION_CONNECTION */;

UPDATE `groups` SET `flag_show_confidential` = '1'WHERE `id` = '1';
UPDATE `versions` SET `permissions_regenerated` = '0';

UPDATE users SET flag_active=1 WHERE id IN (1,2);
